1;80;100;0;38;-1;5,794845412929149
1;80;100;1;40;-1;5,796762074812018
1;80;100;2;41;-1;5,799276262972176
1;80;100;3;40;-1;5,801718770374712
1;80;100;4;40;-1;5,803622620598439
1;80;100;5;38;-1;5,806305267162246
1;80;100;0;39;-1;5,8071469527846125
1;80;100;6;37;-1;5,808933111348837
1;80;100;1;38;-1;5,809391991286255
1;80;100;7;37;-1;5,810965353367082
1;80;100;2;38;-1;5,81159607955579
1;80;100;8;39;-1;5,812896724782264
1;80;100;3;40;-1;5,814142339412002
1;80;100;9;37;-1;5,815891110623802
1;80;100;4;37;-1;5,817021395451046
2;80;100;0;38;-1;5,8179658275713955
2;80;100;0;40;-1;5,8180413184594615
1;80;100;5;37;-1;5,8195878443442135
1;80;100;0;39;-1;5,820253108364562
2;80;100;1;39;-1;5,820371427932854
2;80;100;1;38;-1;5,820504622719518
1;80;100;6;40;-1;5,821967258354868
1;80;100;1;38;-1;5,822418725848587
2;80;100;2;37;-1;5,822473886849256
2;80;100;2;40;-1;5,822572595847074
1;80;100;7;40;-1;5,824207700673495
2;80;100;3;40;-1;5,825023464057891
2;80;100;3;40;-1;5,825191840505789
1;80;100;2;40;-1;5,825371828456708
1;80;100;8;37;-1;5,826886314585334
2;80;100;4;40;-1;5,827451125210525
2;80;100;4;40;-1;5,82760497839768
1;80;100;3;37;-1;5,827862436282126
1;80;100;9;37;-1;5,829369595905307
2;80;100;5;38;-1;5,829426932581805
2;80;100;5;44;-1;5,8294298353513625
1;80;100;4;38;-1;5,830376695076676
2;80;100;0;38;-1;5,83153851033503
2;80;100;6;40;-1;5,831613439580678
2;80;100;0;40;-1;5,831683102701755
2;80;100;6;40;-1;5,831758211452688
1;80;100;5;39;-1;5,833302253211245
2;80;100;7;37;-1;5,833953518549998
2;80;100;7;40;-1;5,833991250822435
1;80;100;0;38;-1;5,834043495457428
2;80;100;1;39;-1;5,8341791924242585
2;80;100;1;37;-1;5,834184457882158
1;80;100;6;40;-1;5,835885142673495
2;80;100;8;40;-1;5,8363223177813675
2;80;100;8;39;-1;5,836513151811418
2;80;100;2;40;-1;5,836562131453989
1;80;100;1;38;-1;5,836564673981087
2;80;100;2;39;-1;5,836758769054315
1;80;100;7;37;-1;5,838728336295218
2;80;100;9;40;-1;5,8389331310139525
2;80;100;9;37;-1;5,839016753930477
2;80;100;3;38;-1;5,839334371020793
2;80;100;3;38;-1;5,8393340110704735
1;80;100;2;40;-1;5,8393947760482385
8;80;100;0;40;-1;5,8412283734603365
8;80;100;0;37;-1;5,8412278333710015
8;80;100;0;39;-1;5,84131471396784
8;80;100;0;39;-1;5,841334848058032
1;80;100;8;38;-1;5,84138128030501
8;80;100;0;40;-1;5,841380740202501
8;80;100;0;40;-1;5,841490836558641
8;80;100;0;39;-1;5,841539630533399
8;80;100;0;40;-1;5,841640840465813
2;80;100;4;40;-1;5,84232953004447
2;80;100;4;39;-1;5,842494400913458
1;80;100;3;40;-1;5,842879817545806
8;80;100;1;40;-1;5,843837841699453
8;80;100;1;40;-1;5,843889354675784
8;80;100;1;41;-1;5,843889354675784
8;80;100;1;39;-1;5,844059122843315
8;80;100;1;40;-1;5,844088141259207
8;80;100;1;40;-1;5,8441810000698675
8;80;100;1;40;-1;5,844305778808271
8;80;100;1;41;-1;5,844387029901997
1;80;100;9;40;-1;5,844516170727895
2;80;100;5;40;-1;5,844625899131135
2;80;100;5;40;-1;5,8446984442378245
1;80;100;4;37;-1;5,845483944575535
8;80;100;2;39;-1;5,846280117756045
8;80;100;2;37;-1;5,846380776312084
8;80;100;2;40;-1;5,846380596134062
8;80;100;2;40;-1;5,846591518459758
8;80;100;2;40;-1;5,846707585570971
8;80;100;2;40;-1;5,846832357396364
8;80;100;2;40;-1;5,846861374052549
8;80;100;2;40;-1;5,846901276569017
2;80;100;0;39;-1;5,8470195237702525
2;80;100;6;42;-1;5,8471500980289095
2;80;100;0;39;-1;5,847149557428414
2;80;100;6;37;-1;5,847241689194936
1;80;100;5;40;-1;5,848953462829113
8;80;100;3;40;-1;5,849164192692816
8;80;100;3;40;-1;5,849349709290357
8;80;100;3;40;-1;5,84938162586367
8;80;100;3;39;-1;5,849395772860027
8;80;100;3;40;-1;5,849564059827148
8;80;100;3;40;-1;5,849621729133467
8;80;100;3;38;-1;5,849673955933541
8;80;100;3;38;-1;5,8496761363287915
2;80;100;7;40;-1;5,84995721914191
2;80;100;7;40;-1;5,850021051422236
1;80;100;0;39;-1;5,850154518637771
2;80;100;1;40;-1;5,850383012016644
2;80;100;1;41;-1;5,850385913459186
8;80;100;4;38;-1;5,851514036220973
8;80;100;4;40;-1;5,851598175908165
8;80;100;4;40;-1;5,851696100921672
8;80;100;4;40;-1;5,851782600625651
8;80;100;4;40;-1;5,851846430368162
8;80;100;4;41;-1;5,851857675094942
8;80;100;4;37;-1;5,85198243294016
8;80;100;4;39;-1;5,852048442379597
1;80;100;6;40;-1;5,8521721176336445
2;80;100;8;40;-1;5,852719203049507
2;80;100;2;40;-1;5,8528290913788465
2;80;100;8;40;-1;5,85284940038631
1;80;100;1;40;-1;5,8529016235081235
2;80;100;2;37;-1;5,853005528471319
8;80;100;5;38;-1;5,853863967469008
8;80;100;5;37;-1;5,853993800604063
8;80;100;5;38;-1;5,8540453007914826
8;80;100;5;39;-1;5,854048201999569
8;80;100;5;37;-1;5,854102242517395
8;80;100;5;40;-1;5,854188917754248
8;80;100;5;40;-1;5,854188556948744
8;80;100;5;40;-1;5,854260726043114
1;80;100;7;41;-1;5,854868904653344
2;80;100;9;37;-1;5,854980245275858
2;80;100;9;40;-1;5,855107715114136
2;80;100;3;40;-1;5,855405809672417
2;80;100;3;38;-1;5,855413971716856
1;80;100;2;40;-1;5,855503906316326
8;80;100;6;40;-1;5,8559535905659095
8;80;100;6;40;-1;5,856135997592461
8;80;100;6;38;-1;5,8561882168716455
8;80;100;6;40;-1;5,856249139290812
8;80;100;6;38;-1;5,856254400035597
8;80;100;6;39;-1;5,856369720634673
8;80;100;6;39;-1;5,856435181641437
8;80;100;6;40;-1;5,85670407641358
8;80;100;0;39;-1;5,857300435685565
8;80;100;0;40;-1;5,857352653601201
8;80;100;0;38;-1;5,857390366504247
1;80;100;8;37;-1;5,857447844807105
8;80;100;0;40;-1;5,85745056529818
8;80;100;0;37;-1;5,857508043514093
8;80;100;0;40;-1;5,85751330398613
8;80;100;0;40;-1;5,857664154852801
8;80;100;0;40;-1;5,857696065551109
8;80;100;7;39;-1;5,858159870356897
8;80;100;7;40;-1;5,858302016265822
8;80;100;7;40;-1;5,858383242306766
8;80;100;7;40;-1;5,858473170974315
8;80;100;7;39;-1;5,858487495055818
2;80;100;4;37;-1;5,858510521891319
8;80;100;7;39;-1;5,85855983749693
8;80;100;7;38;-1;5,858626016937579
2;80;100;4;41;-1;5,858848122882669
8;80;100;7;40;-1;5,858848122882669
1;80;100;3;40;-1;5,85918572123168
8;80;100;1;38;-1;5,860270106182364
8;80;100;1;40;-1;5,860269564449992
8;80;100;1;39;-1;5,860318878144894
8;80;100;1;40;-1;5,860442348477311
8;80;100;1;39;-1;5,860500364357338
8;80;100;1;40;-1;5,860606971198289
8;80;100;8;40;-1;5,860734605576857
8;80;100;1;37;-1;5,860739865358404
8;80;100;1;40;-1;5,86082398781012
8;80;100;8;39;-1;5,860901586195818
8;80;100;8;40;-1;5,860942196908502
8;80;100;8;40;-1;5,861008553234471
8;80;100;8;38;-1;5,861103013996129
8;80;100;8;40;-1;5,861198377545331
1;80;100;9;40;-1;5,861256392451742
8;80;100;8;40;-1;5,8613602772767335
8;80;100;8;39;-1;5,8613602772767335
2;80;100;5;39;-1;5,861429172466525
2;80;100;5;40;-1;5,86143443209795
1;80;100;4;41;-1;5,862411798306648
8;80;100;2;39;-1;5,862942628048081
8;80;100;2;40;-1;5,86306735521077
8;80;100;2;40;-1;5,863105063357679
8;80;100;9;39;-1;5,863200061255865
8;80;100;9;39;-1;5,863260612894695
8;80;100;2;37;-1;5,8632604322312964
8;80;100;9;40;-1;5,863341288057724
8;80;100;9;39;-1;5,8633789959740685
8;80;100;9;40;-1;5,8633991195568145
8;80;100;9;40;-1;5,8634484298406795
8;80;100;2;38;-1;5,863512243072527
8;80;100;9;40;-1;5,863662712653889
8;80;100;9;39;-1;5,863665251893699
8;80;100;2;41;-1;5,863772031554824
8;80;100;2;40;-1;5,863829501135891
8;80;100;2;39;-1;5,863988309972093
2;80;100;0;40;-1;5,8641072331432476
2;80;100;6;39;-1;5,864194249907386
2;80;100;0;39;-1;5,864257339330461
2;80;100;6;40;-1;5,864361578386355
1;80;100;5;40;-1;5,865752743840581
8;80;100;3;40;-1;5,866032641433218
8;80;100;3;39;-1;5,866090107953164
8;80;100;3;39;-1;5,866211926094284
8;80;100;3;39;-1;5,866296038436287
8;80;100;3;40;-1;5,866370726362011
8;80;100;3;40;-1;5,8664513957305795
8;80;100;3;39;-1;5,86652862226515
8;80;100;3;37;-1;5,866531341914993
2;80;100;7;37;-1;5,866805072135223
2;80;100;7;39;-1;5,866906585652927
1;80;100;0;40;-1;5,866964593279027
2;80;100;1;40;-1;5,867170158222524
2;80;100;1;40;-1;5,867236866608438
8;80;100;4;41;-1;5,868627038234874
8;80;100;4;37;-1;5,868664741785943
8;80;100;4;40;-1;5,868766070374565
8;80;100;4;37;-1;5,8688264334433065
8;80;100;4;40;-1;5,868887338898633
8;80;100;4;39;-1;5,868892596937718
8;80;100;4;40;-1;5,869057911313038
8;80;100;4;39;-1;5,869123893620718
1;80;100;6;41;-1;5,869259119812326
2;80;100;8;39;-1;5,869580870502877
2;80;100;2;40;-1;5,8698215875095725
2;80;100;8;39;-1;5,869876329522108
1;80;100;1;40;-1;5,869879048862177
2;80;100;2;37;-1;5,869971131542061
8;80;100;5;39;-1;5,870842458009953
8;80;100;5;40;-1;5,870981664117954
8;80;100;5;38;-1;5,871071567843879
8;80;100;5;39;-1;5,871091687772832
8;80;100;5;40;-1;5,871169629060306
8;80;100;5;40;-1;5,87119863016231
8;80;100;5;40;-1;5,871247931994703
8;80;100;5;40;-1;5,871369736300377
1;80;100;7;40;-1;5,871934895792334
2;80;100;9;40;-1;5,872214391778704
2;80;100;9;41;-1;5,872333293434888
2;80;100;3;38;-1;5,8725063906706225
2;80;100;3;40;-1;5,872604267709031
1;80;100;2;40;-1;5,872696887296545
8;80;100;6;37;-1;5,8733767569167155
8;80;100;6;40;-1;5,873489312762681
8;80;100;6;39;-1;5,873537888278976
8;80;100;6;40;-1;5,87358138765944
8;80;100;6;39;-1;5,873627786954287
8;80;100;6;39;-1;5,873723485355435
8;80;100;6;40;-1;5,873877182380349
8;80;100;6;40;-1;5,873966718464891
8;80;100;0;38;-1;5,8745425388532535
8;80;100;0;38;-1;5,874545257761031
1;80;100;8;40;-1;5,8746231928940595
8;80;100;0;40;-1;5,874643130141815
8;80;100;0;38;-1;5,8747069276584964
8;80;100;0;41;-1;5,87475042591574
8;80;100;0;39;-1;5,874799723892013
8;80;100;0;40;-1;5,874871496832987
8;80;100;0;40;-1;5,875036246390919
8;80;100;7;40;-1;5,875638147143598
8;80;100;7;39;-1;5,8756986814174175
8;80;100;7;38;-1;5,875875570259231
8;80;100;7;38;-1;5,875965464333883
2;80;100;4;40;-1;5,876043759033193
8;80;100;7;40;-1;5,876069857237351
8;80;100;7;40;-1;5,876127853194774
8;80;100;7;40;-1;5,876159750940893
8;80;100;7;40;-1;5,876286798594947
2;80;100;4;39;-1;5,876286617556895
1;80;100;3;40;-1;5,8765691663034385
8;80;100;1;37;-1;5,877465915387257
8;80;100;1;40;-1;5,877535508369723
8;80;100;1;40;-1;5,877561605711615
8;80;100;1;40;-1;5,877735044382071
8;80;100;1;37;-1;5,877885103834332
8;80;100;1;40;-1;5,877934398423831
8;80;100;8;38;-1;5,877948715736887
8;80;100;1;38;-1;5,878050204400838
8;80;100;1;40;-1;5,8781516928459245
8;80;100;8;41;-1;5,878232159068518
8;80;100;8;37;-1;5,878310449861072
8;80;100;8;40;-1;5,878339446417854
8;80;100;8;39;-1;5,878722199292964
8;80;100;8;40;-1;5,878838003286652
1;80;100;9;38;-1;5,878837641063785
8;80;100;8;41;-1;5,878958519531417
8;80;100;8;38;-1;5,879010712588342
2;80;100;5;38;-1;5,879143370101059
2;80;100;5;39;-1;5,879143370101059
1;80;100;4;41;-1;5,880281633733942
8;80;100;2;40;-1;5,880931668633875
8;80;100;2;40;-1;5,880960663530061
8;80;100;2;40;-1;5,881023908715889
8;80;100;9;40;-1;5,881122128732888
8;80;100;9;38;-1;5,881235208250823
8;80;100;9;40;-1;5,881290298173948
8;80;100;9;39;-1;5,881385980518729
8;80;100;2;38;-1;5,881403196102564
8;80;100;9;40;-1;5,881577163434413
8;80;100;9;38;-1;5,881576438673529
8;80;100;9;40;-1;5,8816920541370035
8;80;100;2;47;-1;5,881700752463769
8;80;100;9;39;-1;5,8817962527555485
8;80;100;2;38;-1;5,8818484425747615
8;80;100;2;39;-1;5,881929626622936
8;80;100;2;40;-1;5,8820977931343394
2;80;100;0;40;-1;5,8823500417746715
2;80;100;6;41;-1;5,882474715890712
2;80;100;0;39;-1;5,8824857698167845
2;80;100;6;37;-1;5,882511864348718
1;80;100;5;40;-1;5,883963710414641
8;80;100;3;40;-1;5,884148358848717
8;80;100;3;40;-1;5,884234793575715
8;80;100;3;42;-1;5,884237692856931
8;80;100;3;39;-1;5,884340797973594
8;80;100;3;40;-1;5,884406574872907
8;80;100;3;41;-1;5,884406031058259
8;80;100;3;40;-1;5,884542115244096
8;80;100;3;39;-1;5,884616227022726
2;80;100;7;41;-1;5,885006537171061
2;80;100;7;39;-1;5,885006355882275
1;80;100;0;39;-1;5,885063615303259
2;80;100;1;38;-1;5,885271633999653
2;80;100;1;42;-1;5,885271633999653
8;80;100;4;39;-1;5,886378030568138
8;80;100;4;39;-1;5,886395244097609
8;80;100;4;39;-1;5,88662626824204
8;80;100;4;40;-1;5,886771224403933
8;80;100;4;40;-1;5,886794417348398
8;80;100;4;40;-1;5,886898785457028
8;80;100;4;40;-1;5,886974162280412
8;80;100;4;40;-1;5,8871423101436315
1;80;100;6;44;-1;5,887389818157488
2;80;100;8;39;-1;5,887744045832768
2;80;100;8;37;-1;5,887902768190403
2;80;100;2;39;-1;5,887905304492568
1;80;100;1;40;-1;5,887965640300811
2;80;100;2;38;-1;5,888023076981605
8;80;100;5;40;-1;5,888834797317403
8;80;100;5;39;-1;5,889022868273588
8;80;100;5;40;-1;5,889066352878844
8;80;100;5;40;-1;5,889222171485067
8;80;100;5;40;-1;5,889288121924732
8;80;100;5;39;-1;5,889325808362634
8;80;100;5;40;-1;5,889377989534515
8;80;100;5;37;-1;5,889473292031614
1;80;100;7;38;-1;5,890002344758909
2;80;100;9;40;-1;5,890359812724404
2;80;100;9;38;-1;5,890562734580296
2;80;100;3;38;-1;5,890785403246169
2;80;100;3;39;-1;5,890857511861372
1;80;100;2;40;-1;5,890935780983076
8;80;100;6;37;-1;5,891466263493114
8;80;100;6;38;-1;5,891468980838199
8;80;100;6;39;-1;5,891525868334969
8;80;100;6;40;-1;5,891621529146367
8;80;100;6;40;-1;5,8916621124621456
8;80;100;6;40;-1;5,8917398357395285
8;80;100;6;40;-1;5,891782591814365
8;80;100;6;38;-1;5,891834225711126
8;80;100;0;40;-1;5,892679753419771
1;80;100;8;40;-1;5,892804399134291
8;80;100;0;41;-1;5,892806753328983
8;80;100;0;39;-1;5,892945892320603
8;80;100;0;40;-1;5,892986474448991
8;80;100;0;38;-1;5,892991727338152
8;80;100;0;40;-1;5,893029410703836
8;80;100;0;44;-1;5,893077962822653
8;80;100;0;40;-1;5,893129776635544
8;80;100;7;39;-1;5,89373759462919
8;80;100;7;39;-1;5,89390499127762
8;80;100;7;39;-1;5,893904446643987
2;80;100;4;37;-1;5,893985427609674
8;80;100;7;40;-1;5,894063691326217
8;80;100;7;39;-1;5,894063146678908
8;80;100;7;40;-1;5,894115322413097
8;80;100;7;46;-1;5,894150106203747
8;80;100;7;40;-1;5,89431532885818
2;80;100;4;40;-1;5,894425476972155
1;80;100;3;40;-1;5,894706280221777
8;80;100;1;40;-1;5,895895590656828
8;80;100;1;40;-1;5,895906640000466
8;80;100;1;41;-1;5,896004826942119
8;80;100;1;38;-1;5,896058446140639
8;80;100;1;40;-1;5,896205725933174
8;80;100;1;40;-1;5,8962955798820404
8;80;100;1;37;-1;5,896373476402136
8;80;100;8;39;-1;5,896373113171138
8;80;100;1;41;-1;5,89641586428251
8;80;100;8;40;-1;5,896507889827054
8;80;100;8;39;-1;5,896531077801298
8;80;100;8;40;-1;5,896571656728728
8;80;100;8;38;-1;5,896818028036856
8;80;100;8;40;-1;5,8969192930399155
1;80;100;9;39;-1;5,896921646618072
8;80;100;8;38;-1;5,897020194550183
2;80;100;5;38;-1;5,897115843816313
8;80;100;8;41;-1;5,897121095824252
2;80;100;5;38;-1;5,89720515106179
1;80;100;4;39;-1;5,898344402946528
8;80;100;2;40;-1;5,89894309242579
8;80;100;2;40;-1;5,898948162356457
8;80;100;2;40;-1;5,89900902754192
8;80;100;9;40;-1;5,899107207620236
8;80;100;9;40;-1;5,8991470574982126
8;80;100;9;39;-1;5,899167164116492
8;80;100;9;39;-1;5,899219334025497
8;80;100;2;38;-1;5,899273857103182
8;80;100;9;38;-1;5,899273857103182
8;80;100;9;39;-1;5,899336893363596
8;80;100;9;37;-1;5,899360079908006
8;80;100;9;39;-1;5,899414784499236
8;80;100;2;38;-1;5,89941460279628
8;80;100;2;40;-1;5,899460430679707
8;80;100;2;38;-1;5,899529263257389
8;80;100;2;37;-1;5,89963070385687
2;80;100;0;40;-1;5,899793008361132
2;80;100;6;37;-1;5,8999114746550845
2;80;100;0;39;-1;5,899910929503408
2;80;100;6;38;-1;5,900052399942306
1;80;100;5;39;-1;5,901219470803546
8;80;100;3;40;-1;5,9013314098842296
8;80;100;3;39;-1;5,901382850266654
8;80;100;3;40;-1;5,901495879466273
8;80;100;3;40;-1;5,901626297436113
8;80;100;3;39;-1;5,90170979907387
8;80;100;3;40;-1;5,901747475238397
8;80;100;3;40;-1;5,901869198025296
8;80;100;3;41;-1;5,901906146963838
2;80;100;7;40;-1;5,90230880702423
2;80;100;7;40;-1;5,902314057925459
1;80;100;0;40;-1;5,902435052055434
2;80;100;1;40;-1;5,9025386571552545
2;80;100;1;39;-1;5,90259661942132
8;80;100;4;40;-1;5,903690445215807
8;80;100;4;43;-1;5,903811435495313
8;80;100;4;40;-1;5,904030958216399
8;80;100;4;40;-1;5,904140355493729
8;80;100;4;37;-1;5,904140355493729
8;80;100;4;40;-1;5,904220954262183
8;80;100;4;40;-1;5,904258628346794
8;80;100;4;40;-1;5,904414211142074
1;80;100;6;40;-1;5,904625400617212
2;80;100;8;39;-1;5,904930221516614
2;80;100;8;40;-1;5,905097575552161
2;80;100;2;40;-1;5,9051381468542035
1;80;100;1;40;-1;5,9052274375742675
2;80;100;2;39;-1;5,905314375787296
8;80;100;5;40;-1;5,90626868462748
8;80;100;5;40;-1;5,906435669818649
8;80;100;5;40;-1;5,906568425789637
8;80;100;5;40;-1;5,906640690288605
8;80;100;5;40;-1;5,90673631937571
8;80;100;5;39;-1;5,90675044478677
8;80;100;5;41;-1;5,906822890908978
8;80;100;5;40;-1;5,90701342045007
1;80;100;7;40;-1;5,907485218652336
2;80;100;9;37;-1;5,907774452049692
2;80;100;9;40;-1;5,907959545905123
2;80;100;3;38;-1;5,908219434837285
1;80;100;2;38;-1;5,908282639530901
2;80;100;3;38;-1;5,908282639530901
8;80;100;6;38;-1;5,90900742166794
8;80;100;6;38;-1;5,909097250433381
8;80;100;6;38;-1;5,909198123848412
8;80;100;6;40;-1;5,909281610906038
8;80;100;6;39;-1;5,909289939993792
8;80;100;6;40;-1;5,909385563558285
8;80;100;6;39;-1;5,909399687980178
8;80;100;6;40;-1;5,9094976630106615
8;80;100;0;39;-1;5,910252857614219
1;80;100;8;40;-1;5,9103079124829385
8;80;100;0;40;-1;5,91034558156652
8;80;100;0;37;-1;5,910525051681613
8;80;100;0;39;-1;5,910524687636803
8;80;100;0;38;-1;5,910643307443827
8;80;100;0;37;-1;5,910654533797876
8;80;100;0;41;-1;5,910750154535535
8;80;100;0;37;-1;5,9108370823102065
8;80;100;7;40;-1;5,9113615279558305
8;80;100;7;38;-1;5,911436682302719
2;80;100;4;40;-1;5,911601478328433
8;80;100;7;38;-1;5,911601114221775
8;80;100;7;40;-1;5,9116619625384255
8;80;100;7;41;-1;5,91171411817577
8;80;100;7;41;-1;5,911731139261229
8;80;100;7;40;-1;5,911809372575402
8;80;100;7;38;-1;5,9119556897500285
2;80;100;4;40;-1;5,91202758144693
1;80;100;3;41;-1;5,912093313867538
8;80;100;1;38;-1;5,9132446710325866
8;80;100;1;39;-1;5,913351876018767
8;80;100;1;41;-1;5,913371975911534
8;80;100;1;40;-1;5,913612461773102
8;80;100;1;40;-1;5,913661717761738
8;80;100;1;40;-1;5,91373070919672
8;80;100;1;39;-1;5,9137794187090185
8;80;100;8;44;-1;5,913811290117594
8;80;100;1;40;-1;5,913813459049857
8;80;100;8;39;-1;5,913870860644388
8;80;100;8;39;-1;5,913909967206586
8;80;100;8;39;-1;5,913909967206586
8;80;100;8;40;-1;5,914019339494217
8;80;100;8;40;-1;5,914088694562511
1;80;100;9;41;-1;5,914088148188501
8;80;100;8;40;-1;5,914175069525156
8;80;100;8;38;-1;5,9143041763128075
2;80;100;5;40;-1;5,914307073679314
2;80;100;5;40;-1;5,914372620262809
1;80;100;4;40;-1;5,915454017803692
8;80;100;2;40;-1;5,915842053697092
8;80;100;2;40;-1;5,915923177104344
8;80;100;2;37;-1;5,916044861952917
8;80;100;9;40;-1;5,916079628994696
8;80;100;9;40;-1;5,916152060249207
8;80;100;9;38;-1;5,916223944834367
8;80;100;9;37;-1;5,916223944834367
8;80;100;9;40;-1;5,916292932056948
8;80;100;2;38;-1;5,916327698908559
8;80;100;9;38;-1;5,916431999309224
8;80;100;9;39;-1;5,9164986355552465
8;80;100;9;40;-1;5,916544991148982
8;80;100;2;40;-1;5,916593879524109
8;80;100;2;40;-1;5,916593515130989
8;80;100;2;40;-1;5,916662866156566
8;80;100;2;37;-1;5,916801385684849
2;80;100;0;40;-1;5,916873269181084
2;80;100;6;37;-1;5,917057778689006
2;80;100;0;40;-1;5,91713853551695
2;80;100;6;38;-1;5,9173355436788935
1;80;100;5;37;-1;5,918451268683424
8;80;100;3;40;-1;5,918790228305657
8;80;100;3;40;-1;5,918885102810425
8;80;100;3;41;-1;5,918925661830735
8;80;100;3;37;-1;5,918995191498479
8;80;100;3;40;-1;5,9190821034386385
8;80;100;3;38;-1;5,919128456407732
8;80;100;3;40;-1;5,919267515040958
8;80;100;3;38;-1;5,919307709182379
2;80;100;7;40;-1;5,919624560536115
2;80;100;7;41;-1;5,919627457563476
1;80;100;0;40;-1;5,919754197441127
2;80;100;1;40;-1;5,919895057413572
2;80;100;1;39;-1;5,9199640387182395
8;80;100;4;39;-1;5,921073193746551
8;80;100;4;40;-1;5,921205723265
8;80;100;4;41;-1;5,921405428451505
8;80;100;4;43;-1;5,921410492939976
8;80;100;4;40;-1;5,921500297178
8;80;100;4;39;-1;5,921552441495596
8;80;100;4;40;-1;5,921590101244577
8;80;100;4;40;-1;5,921732049258202
1;80;100;6;41;-1;5,921959626861379
2;80;100;8;41;-1;5,922311768268175
2;80;100;8;39;-1;5,922605970152011
2;80;100;2;40;-1;5,922623168807315
2;80;100;2;39;-1;5,922741938970323
1;80;100;1;38;-1;5,922814359654247
8;80;100;5;40;-1;5,923752170351383
8;80;100;5;40;-1;5,923824224623869
8;80;100;5;40;-1;5,923962539305865
8;80;100;5;38;-1;5,924025538165191
8;80;100;5;40;-1;5,924100671132673
8;80;100;5;41;-1;5,924100123895958
8;80;100;5;39;-1;5,924175439146417
8;80;100;5;40;-1;5,924290578856172
1;80;100;7;39;-1;5,924755490724083
2;80;100;9;40;-1;5,925058731170246
2;80;100;9;40;-1;5,925165543399231
2;80;100;3;38;-1;5,925326844699302
1;80;100;2;40;-1;5,9254079512466085
2;80;100;3;37;-1;5,9254162763254214
8;80;100;6;41;-1;5,926047903389579
8;80;100;6;40;-1;5,926082662803358
8;80;100;6;38;-1;5,92609388432991
8;80;100;6;40;-1;5,926174807032353
8;80;100;6;37;-1;5,926339366127678
8;80;100;6;41;-1;5,926440199592922
8;80;100;6;41;-1;5,926440017113489
8;80;100;6;41;-1;5,926520209260993
8;80;100;0;38;-1;5,9271145301969606
1;80;100;8;39;-1;5,927143495693504
8;80;100;0;38;-1;5,92715471688725
8;80;100;0;40;-1;5,927215544353439
8;80;100;0;40;-1;5,927305337135952
8;80;100;0;38;-1;5,92736906094213
8;80;100;0;40;-1;5,927510990927435
8;80;100;0;38;-1;5,927531084093876
8;80;100;0;40;-1;5,927646944935584
8;80;100;7;37;-1;5,92821536505087
8;80;100;7;39;-1;5,928316194188243
2;80;100;4;40;-1;5,928316011654908
8;80;100;7;38;-1;5,92844851915642
8;80;100;7;40;-1;5,928448154082186
8;80;100;7;40;-1;5,9285169390596835
8;80;100;7;39;-1;5,928516756520622
8;80;100;7;40;-1;5,928629353293113
8;80;100;7;40;-1;5,928944700641738
2;80;100;4;39;-1;5,929010770930984
1;80;100;3;39;-1;5,929114312080029
8;80;100;1;39;-1;5,930421991376027
8;80;100;1;40;-1;5,930604460486894
8;80;100;1;38;-1;5,9307116245553875
8;80;100;1;40;-1;5,930818788379719
8;80;100;1;40;-1;5,930914001503743
8;80;100;1;39;-1;5,9309165325977515
8;80;100;1;40;-1;5,9310524763530985
8;80;100;8;39;-1;5,931087231957212
8;80;100;1;39;-1;5,9311248838326875
8;80;100;8;40;-1;5,931229150407469
8;80;100;8;40;-1;5,931304453901062
8;80;100;8;40;-1;5,931422653604984
8;80;100;8;40;-1;5,931508811374286
1;80;100;9;40;-1;5,931598595740712
8;80;100;8;40;-1;5,931642039727454
8;80;100;8;40;-1;5,931760786419806
8;80;100;8;40;-1;5,931812736385451
2;80;100;5;39;-1;5,931817980990766
2;80;100;5;39;-1;5,932023614520714
1;80;100;4;40;-1;5,933099698415018
8;80;100;2;40;-1;5,933556743333068
8;80;100;2;40;-1;5,93363783528674
8;80;100;2;40;-1;5,933820291671308
8;80;100;9;40;-1;5,933866081609286
8;80;100;9;38;-1;5,934004364585936
8;80;100;9;38;-1;5,934056494635557
8;80;100;9;40;-1;5,934189715610973
8;80;100;9;40;-1;5,934241845455157
8;80;100;2;40;-1;5,934337416686094
8;80;100;9;38;-1;5,934435701102521
8;80;100;9;41;-1;5,934438231772516
8;80;100;2;40;-1;5,934504476337686
8;80;100;9;40;-1;5,934550813662123
8;80;100;2;39;-1;5,934686563855629
8;80;100;2;37;-1;5,93468927721177
8;80;100;2;40;-1;5,934914256712166
2;80;100;0;40;-1;5,9349716296667205
2;80;100;6;40;-1;5,935214897606847
2;80;100;0;40;-1;5,935327843008478
2;80;100;6;40;-1;5,935518980762576
1;80;100;5;39;-1;5,9366047648178215
8;80;100;3;40;-1;5,9368092803108965
8;80;100;3;39;-1;5,9368671990564845
8;80;100;3;39;-1;5,936878417237991
8;80;100;3;40;-1;5,936927282538849
8;80;100;3;40;-1;5,9370599468411855
8;80;100;3;40;-1;5,937100489745214
8;80;100;3;40;-1;5,9372539732795815
8;80;100;3;39;-1;5,937308447181066
2;80;100;7;40;-1;5,937736491107634
1;80;100;0;37;-1;5,9378776578166725
2;80;100;7;38;-1;5,937880553688251
2;80;100;1;39;-1;5,937987152377069
2;80;100;1;39;-1;5,9380872278303825
8;80;100;4;38;-1;5,939435185512432
8;80;100;4;39;-1;5,939434636953582
8;80;100;4;41;-1;5,939621947484246
8;80;100;4;40;-1;5,939621947484246
8;80;100;4;40;-1;5,939740124920937
8;80;100;4;38;-1;5,9397922484410905
8;80;100;4;40;-1;5,939879120846305
8;80;100;4;40;-1;5,940041282240032
1;80;100;6;40;-1;5,940387671775848
2;80;100;8;40;-1;5,940740032895249
2;80;100;8;37;-1;5,940872502874774
2;80;100;2;39;-1;5,940970407254175
1;80;100;1;38;-1;5,941042799080148
2;80;100;2;37;-1;5,941053833063533
8;80;100;5;39;-1;5,941941483643482
8;80;100;5;38;-1;5,942273014485235
8;80;100;5;40;-1;5,942336168653854
8;80;100;5;40;-1;5,942344306606641
8;80;100;5;40;-1;5,942488353965563
8;80;100;5;40;-1;5,942488353965563
8;80;100;5;40;-1;5,942580463528911
8;80;100;5;40;-1;5,942754197508839
1;80;100;7;41;-1;5,943049877949863
2;80;100;9;39;-1;5,943431538965297
2;80;100;9;37;-1;5,9435904262229355
2;80;100;3;40;-1;5,943772476899055
2;80;100;3;38;-1;5,943876714650271
1;80;100;2;40;-1;5,943972265719254
8;80;100;6;40;-1;5,944535600712968
8;80;100;6;40;-1;5,94459314364811
8;80;100;6;40;-1;5,944604176422132
8;80;100;6;38;-1;5,944673484022296
8;80;100;6;37;-1;5,944768484413399
8;80;100;6;40;-1;5,944837242732719
8;80;100;6;37;-1;5,944840138161475
8;80;100;6;41;-1;5,944917765639376
8;80;100;0;39;-1;5,94552195708201
1;80;100;8;40;-1;5,945582211027209
8;80;100;0;40;-1;5,945706712220504
8;80;100;0;38;-1;5,945720823015289
8;80;100;0;39;-1;5,945770044308384
8;80;100;0;40;-1;5,945937975391225
8;80;100;0;37;-1;5,945937426272375
8;80;100;0;40;-1;5,9460067317732905
8;80;100;0;41;-1;5,946009078001941
8;80;100;7;40;-1;5,946551936811277
8;80;100;7;39;-1;5,946604052526307
2;80;100;4;41;-1;5,946661409627389
8;80;100;7;40;-1;5,946739033800744
8;80;100;7;38;-1;5,946738850738142
8;80;100;7;40;-1;5,946842715541103
8;80;100;7;38;-1;5,946856825908655
8;80;100;7;38;-1;5,9469662979456706
8;80;100;7;40;-1;5,9471342245973995
2;80;100;4;39;-1;5,947246041994011
1;80;100;3;40;-1;5,9473728846560245
8;80;100;1;40;-1;5,948428328655431
8;80;100;1;40;-1;5,948491473656502
8;80;100;1;40;-1;5,948490924317897
8;80;100;1;39;-1;5,948612522342328
8;80;100;1;40;-1;5,948817530825601
8;80;100;1;38;-1;5,948817347703355
8;80;100;1;41;-1;5,948999193949682
8;80;100;1;40;-1;5,949146847023003
8;80;100;8;41;-1;5,9491611396574156
8;80;100;8;38;-1;5,949346062795407
8;80;100;8;38;-1;5,949345696520529
8;80;100;8;40;-1;5,949438157802429
8;80;100;8;39;-1;5,949597206827025
8;80;100;8;40;-1;5,949686955627703
1;80;100;9;38;-1;5,949704143195783
8;80;100;8;38;-1;5,949756255303273
8;80;100;8;40;-1;5,949857584235854
2;80;100;5;40;-1;5,949886535319345
2;80;100;5;40;-1;5,950045216487207
1;80;100;4;40;-1;5,950986774637538
8;80;100;2;40;-1;5,95147980813554
8;80;100;2;38;-1;5,9516245581822
8;80;100;2;40;-1;5,951691143054042
8;80;100;9;40;-1;5,951856157330075
8;80;100;9;40;-1;5,951980641400738
8;80;100;9;40;-1;5,952055361033079
8;80;100;9;39;-1;5,952063679510268
8;80;100;2;38;-1;5,952118683888524
8;80;100;9;40;-1;5,95215052849916
8;80;100;9;39;-1;5,952214217655736
8;80;100;2;40;-1;5,952271933592629
8;80;100;9;39;-1;5,952271383928184
8;80;100;2;40;-1;5,952322943434928
8;80;100;9;41;-1;5,952325655164173
8;80;100;2;40;-1;5,952397479235342
8;80;100;2;40;-1;5,952509832362638
2;80;100;0;40;-1;5,952560658648742
2;80;100;6;40;-1;5,952719146943225
2;80;100;0;40;-1;5,95283439413786
2;80;100;6;40;-1;5,952909112249091
1;80;100;5;39;-1;5,954149326900328
8;80;100;3;40;-1;5,954423602313513
8;80;100;3;40;-1;5,954495972707853
8;80;100;3;38;-1;5,95456544818163
8;80;100;3;40;-1;5,954622977753504
8;80;100;3;41;-1;5,954723745962699
8;80;100;3;40;-1;5,954854011739514
8;80;100;3;40;-1;5,954932171032385
8;80;100;3;38;-1;5,955062069628684
2;80;100;7;40;-1;5,955502768810865
1;80;100;0;38;-1;5,955531716299612
2;80;100;7;40;-1;5,955601190199898
2;80;100;1;40;-1;5,955650217498729
2;80;100;1;40;-1;5,955786270109815
8;80;100;4;41;-1;5,956930003121416
8;80;100;4;40;-1;5,956973423008613
8;80;100;4;39;-1;5,957041611235529
8;80;100;4;40;-1;5,95711921671824
8;80;100;4;38;-1;5,957122111366038
8;80;100;4;40;-1;5,957182348841272
8;80;100;4;39;-1;5,95725760951768
8;80;100;4;39;-1;5,957315502263716
1;80;100;6;39;-1;5,957598625565661
2;80;100;8;38;-1;5,957989907925363
2;80;100;8;40;-1;5,958224369332322
1;80;100;1;40;-1;5,958366020046606
2;80;100;2;39;-1;5,958461540734495
2;80;100;2;40;-1;5,958513642846102
8;80;100;5;38;-1;5,959339095243576
8;80;100;5;39;-1;5,959650233612707
8;80;100;5;40;-1;5,959762568207038
8;80;100;5;41;-1;5,959765279251288
8;80;100;5;40;-1;5,959854641189991
8;80;100;5;40;-1;5,959903847239994
8;80;100;5;40;-1;5,960132509973183
8;80;100;5;40;-1;5,960181715732399
1;80;100;7;40;-1;5,960751186032018
2;80;100;9;41;-1;5,961015637143178
2;80;100;9;40;-1;5,961131413090617
2;80;100;3;38;-1;5,9613801469291685
2;80;100;3;38;-1;5,961466978240484
1;80;100;2;38;-1;5,961629062925907
8;80;100;6;41;-1;5,962029175833758
8;80;100;6;40;-1;5,962113111579032
8;80;100;6;40;-1;5,962185102847397
8;80;100;6;41;-1;5,962303770180069
8;80;100;6;38;-1;5,962410859954901
8;80;100;6;37;-1;5,962480323462214
8;80;100;6;37;-1;5,96248266722839
8;80;100;6;40;-1;5,9626214103958
8;80;100;0;41;-1;5,963328814720329
1;80;100;8;40;-1;5,96344458480539
8;80;100;0;40;-1;5,963548777638224
8;80;100;0;40;-1;5,96366128584937
8;80;100;0;41;-1;5,963663996535647
8;80;100;0;38;-1;5,963782109355406
8;80;100;0;40;-1;5,96386820187367
8;80;100;0;40;-1;5,963871096095121
8;80;100;0;38;-1;5,96396008264312
8;80;100;7;40;-1;5,964416081477338
8;80;100;7;40;-1;5,964557896415351
2;80;100;4;40;-1;5,964670769223572
8;80;100;7;38;-1;5,964771514361374
8;80;100;7;43;-1;5,964771330780918
8;80;100;7;40;-1;5,96485760488775
8;80;100;7;38;-1;5,964901017251689
8;80;100;7;38;-1;5,964967582798545
8;80;100;7;40;-1;5,965141048016536
2;80;100;4;41;-1;5,965236554585408
1;80;100;3;41;-1;5,9654042305467465
8;80;100;1;40;-1;5,9664610372153515
8;80;100;1;38;-1;5,966463564014514
8;80;100;1;41;-1;5,966558149638271
8;80;100;1;40;-1;5,966682593651827
8;80;100;1;37;-1;5,9667283474071375
8;80;100;1;39;-1;5,9667283474071375
8;80;100;1;39;-1;5,966852240037499
8;80;100;1;40;-1;5,966968001174438
8;80;100;8;40;-1;5,967095154448725
8;80;100;8;38;-1;5,967094787154458
8;80;100;8;41;-1;5,967157720884607
8;80;100;8;39;-1;5,967157353586806
8;80;100;8;38;-1;5,967307658335103
8;80;100;8;39;-1;5,967359750360362
1;80;100;9;40;-1;5,967376930700746
8;80;100;8;39;-1;5,9674521746053815
8;80;100;8;40;-1;5,967553096966283
2;80;100;5;38;-1;5,96755562363312
2;80;100;5;40;-1;5,9679227912380215
1;80;100;4;37;-1;5,968950459498041
8;80;100;2;41;-1;5,969518349720065
8;80;100;2;39;-1;5,969599010398735
8;80;100;2;37;-1;5,969601720538174
8;80;100;9;39;-1;5,969650548664043
8;80;100;9;44;-1;5,969952748914835
8;80;100;9;41;-1;5,970065608373379
8;80;100;9;39;-1;5,970091652825339
8;80;100;2;37;-1;5,970143741685975
8;80;100;9;40;-1;5,970207405770603
8;80;100;9;37;-1;5,97020667082465
8;80;100;9;41;-1;5,970345022745413
8;80;100;2;40;-1;5,970344839004984
8;80;100;2;40;-1;5,9704023477022465
8;80;100;2;40;-1;5,970512312244329
8;80;100;9;40;-1;5,970517364863151
8;80;100;2;40;-1;5,970595497389183
2;80;100;0;41;-1;5,970702567676929
2;80;100;6;40;-1;5,970904581149581
2;80;100;0;38;-1;5,971040404643165
2;80;100;6;41;-1;5,971144212616278
1;80;100;5;41;-1;5,97233706786805
8;80;100;3;40;-1;5,9726719988359775
8;80;100;3;40;-1;5,972692254475749
8;80;100;3;40;-1;5,972778329020469
8;80;100;3;39;-1;5,972778329020469
8;80;100;3;41;-1;5,972997511135632
8;80;100;3;41;-1;5,973043809395318
8;80;100;3;39;-1;5,973107469427941
8;80;100;3;38;-1;5,97311578269486
2;80;100;7;40;-1;5,973419061921546
1;80;100;0;41;-1;5,973418510435553
2;80;100;7;40;-1;5,9735107383932915
2;80;100;1;39;-1;5,973513264340591
2;80;100;1;39;-1;5,973570401168467
8;80;100;4;38;-1;5,974969501534971
8;80;100;4;41;-1;5,974969501534971
8;80;100;4;40;-1;5,975109260960824
8;80;100;4;40;-1;5,975111602835895
8;80;100;4;39;-1;5,975218478555896
8;80;100;4;41;-1;5,9752325782892095
8;80;100;4;39;-1;5,9753222766500595
8;80;100;4;40;-1;5,975452299756666
1;80;100;6;42;-1;5,97559821222278
2;80;100;8;41;-1;5,97597831032797
2;80;100;8;40;-1;5,9762003698537525
2;80;100;2;41;-1;5,976313213739244
1;80;100;1;40;-1;5,9764173770854425
2;80;100;2;38;-1;5,9764607784115755
8;80;100;5;40;-1;5,977021313366395
8;80;100;5;40;-1;5,9772941607076175
8;80;100;5;41;-1;5,977389089867508
8;80;100;5;41;-1;5,977475890588953
8;80;100;5;41;-1;5,97765817158232
8;80;100;5;41;-1;5,977695785032665
8;80;100;5;41;-1;5,9778713587319805
8;80;100;5;38;-1;5,9778713587319805
1;80;100;7;40;-1;5,97849534366941
2;80;100;9;40;-1;5,978870181906437
2;80;100;9;40;-1;5,9788902507770905
2;80;100;3;41;-1;5,979067424944432
1;80;100;2;41;-1;5,979333603411914
2;80;100;3;41;-1;5,979460905624466
8;80;100;6;40;-1;5,979748203442362
8;80;100;6;39;-1;5,979877661633092
8;80;100;6;41;-1;5,979932080376427
8;80;100;6;41;-1;5,98012844935185
8;80;100;6;41;-1;5,9802962537944575
8;80;100;6;40;-1;5,980411428560175
8;80;100;6;40;-1;5,980413953669426
8;80;100;6;39;-1;5,980485546668347
8;80;100;0;41;-1;5,981163778455056
1;80;100;8;40;-1;5,981293416502151
8;80;100;0;41;-1;5,981357064912585
8;80;100;0;40;-1;5,9814033546114995
8;80;100;0;39;-1;5,981417452017281
8;80;100;0;40;-1;5,9814811002556105
8;80;100;0;40;-1;5,981541119066041
8;80;100;0;41;-1;5,981607660220304
8;80;100;0;41;-1;5,981697161908933
8;80;100;7;40;-1;5,982131938808586
8;80;100;7;41;-1;5,982256340082046
2;80;100;4;41;-1;5,982308414935979
8;80;100;7;40;-1;5,982340238429429
8;80;100;7;38;-1;5,982360305647372
8;80;100;7;41;-1;5,982409487344997
8;80;100;7;41;-1;5,982408935086252
8;80;100;7;37;-1;5,982535492282427
8;80;100;7;40;-1;5,98268248435502
2;80;100;4;42;-1;5,982826582926583
1;80;100;3;41;-1;5,982890229161212
8;80;100;1;37;-1;5,984015358765155
8;80;100;1;41;-1;5,984171577149715
8;80;100;1;41;-1;5,984252579070658
8;80;100;1;40;-1;5,984397225010891
8;80;100;1;39;-1;5,984495583996018
8;80;100;1;40;-1;5,984524513070124
8;80;100;1;39;-1;5,9846396767374905
8;80;100;1;38;-1;5,984743268531569
8;80;100;8;39;-1;5,98492786081049
8;80;100;8;39;-1;5,984927676651905
8;80;100;8;40;-1;5,985037237668872
8;80;100;8;40;-1;5,985051333711542
8;80;100;8;41;-1;5,985190191399596
1;80;100;9;41;-1;5,985411836382406
8;80;100;8;38;-1;5,985414729232337
8;80;100;8;40;-1;5,985573098995939
8;80;100;8;37;-1;5,985700383771171
2;80;100;5;41;-1;5,985749561887476
2;80;100;5;40;-1;5,985899988747389
1;80;100;4;41;-1;5,987219778020598
8;80;100;2;40;-1;5,987629807969529
8;80;100;2;41;-1;5,9877135122933804
8;80;100;2;41;-1;5,987715852283517
8;80;100;9;41;-1;5,987950160882266
8;80;100;9;39;-1;5,988056453353355
8;80;100;9;40;-1;5,988058793292213
8;80;100;2;38;-1;5,988104523466937
8;80;100;9;40;-1;5,988107231898024
8;80;100;9;38;-1;5,988161824298753
8;80;100;9;39;-1;5,98817013382638
8;80;100;9;41;-1;5,988219309302577
8;80;100;2;41;-1;5,9883147674330415
8;80;100;2;40;-1;5,98832596958997
8;80;100;9;41;-1;5,9883892397005845
8;80;100;2;40;-1;5,988389055442601
8;80;100;2;39;-1;5,988469681406087
2;80;100;0;40;-1;5,988616469648365
2;80;100;6;41;-1;5,988948385903731
2;80;100;0;39;-1;5,989055228713807
2;80;100;6;41;-1;5,989121758940558
1;80;100;5;40;-1;5,990309999882464
8;80;100;3;40;-1;5,990575375672083
8;80;100;3;40;-1;5,9906910765248105
8;80;100;3;40;-1;5,9906963085872516
8;80;100;3;37;-1;5,990733911295191
8;80;100;3;41;-1;5,990808932293358
8;80;100;3;40;-1;5,990901492526292
8;80;100;3;40;-1;5,990918663219054
8;80;100;3;41;-1;5,991008330735206
2;80;100;7;41;-1;5,991487192482382
1;80;100;0;41;-1;5,991490084949925
2;80;100;7;39;-1;5,991555874258573
2;80;100;1;40;-1;5,991633970695421
2;80;100;1;40;-1;5,991671572637256
8;80;100;4;38;-1;5,99307083144946
8;80;100;4;41;-1;5,993154341213336
8;80;100;4;40;-1;5,993257912906683
8;80;100;4;41;-1;5,993297852655768
8;80;100;4;40;-1;5,993332560864104
8;80;100;4;41;-1;5,993361484351473
8;80;100;4;38;-1;5,9933725005385075
8;80;100;4;41;-1;5,993563395045283
1;80;100;6;41;-1;5,993788627818777
2;80;100;8;40;-1;5,994207643655754
2;80;100;8;38;-1;5,994449673657807
1;80;100;1;37;-1;5,994540935476757
2;80;100;2;42;-1;5,994540935476757
2;80;100;2;38;-1;5,994600935435424
8;80;100;5;40;-1;5,995057115033329
8;80;100;5;38;-1;5,995342708035569
8;80;100;5;41;-1;5,995457289988116
8;80;100;5;41;-1;5,995460182201893
8;80;100;5;40;-1;5,99552307300955
8;80;100;5;38;-1;5,9955747638224945
8;80;100;5;41;-1;5,995754080256757
8;80;100;5;39;-1;5,9958028786053905
1;80;100;7;39;-1;5,996241382810297
2;80;100;9;42;-1;5,996576134699561
2;80;100;9;41;-1;5,996607948265273
2;80;100;3;41;-1;5,997007062078233
1;80;100;2;41;-1;5,997160344018702
2;80;100;3;39;-1;5,997177327639419
8;80;100;6;41;-1;5,997650338985951
8;80;100;6;41;-1;5,997699319733333
8;80;100;6;38;-1;5,997794204470378
8;80;100;6;41;-1;5,997931178170096
8;80;100;6;39;-1;5,9979309936383824
8;80;100;6;41;-1;5,997991173210039
8;80;100;6;41;-1;5,998068520452208
8;80;100;6;41;-1;5,998264994801045
8;80;100;0;40;-1;5,9988824100366385
1;80;100;8;41;-1;5,999026086879474
8;80;100;0;40;-1;5,999040177691727
8;80;100;0;41;-1;5,999069097555333
8;80;100;0;41;-1;5,99908934144927
8;80;100;0;39;-1;5,999143550851461
8;80;100;0;41;-1;5,999264275596197
8;80;100;0;40;-1;5,999296087285177
8;80;100;0;39;-1;5,999460929328672
8;80;100;7;41;-1;5,99998953984228
8;80;100;7;41;-1;6,000061284165384
2;80;100;4;40;-1;6,0001104468065565
8;80;100;7;38;-1;6,000194312369871
8;80;100;7;38;-1;6,000214371162132
8;80;100;7;41;-1;6,00028666890821
8;80;100;7;39;-1;6,000454399250811
8;80;100;7;41;-1;6,00053192659413
8;80;100;7;41;-1;6,0006672915025545
2;80;100;4;38;-1;6,000754047931421
1;80;100;3;40;-1;6,00084006573962
8;80;100;1;38;-1;6,001774006400747
8;80;100;1;41;-1;6,001929979349953
8;80;100;1;40;-1;6,001929425411108
8;80;100;1;38;-1;6,00216366080456
8;80;100;1;38;-1;6,00222149652447
8;80;100;1;39;-1;6,00224155435437
8;80;100;1;41;-1;6,0023601173032075
8;80;100;1;41;-1;6,002391926823959
8;80;100;8;41;-1;6,002542298812434
8;80;100;8;38;-1;6,002588567019788
8;80;100;8;40;-1;6,002701345584389
8;80;100;8;41;-1;6,002764964142467
8;80;100;8;41;-1;6,002862175524123
1;80;100;9;40;-1;6,002882233055036
8;80;100;8;39;-1;6,002927946892223
8;80;100;8;41;-1;6,0030517374996295
8;80;100;8;40;-1;6,003086438268512
2;80;100;5;39;-1;6,003118247284147
2;80;100;5;40;-1;6,0031641455413425
1;80;100;4;41;-1;6,004560763906728
8;80;100;2;37;-1;6,004951992864109
8;80;100;2;40;-1;6,004989029604609
8;80;100;2;41;-1;6,005197225033396
8;80;100;9;41;-1;6,005303475019591
8;80;100;9;41;-1;6,005386037832086
8;80;100;2;41;-1;6,005458327379358
8;80;100;9;40;-1;6,005559532558736
8;80;100;9;40;-1;6,005564946204023
8;80;100;9;41;-1;6,0056054282074385
8;80;100;9;39;-1;6,005610472340269
8;80;100;2;39;-1;6,005687805641876
8;80;100;9;39;-1;6,005687805641876
8;80;100;9;39;-1;6,005840134523485
8;80;100;2;39;-1;6,005839765006601
8;80;100;2;39;-1;6,005882768786096
8;80;100;2;38;-1;6,005893965471733
2;80;100;0;41;-1;6,006064566663796
2;80;100;6;41;-1;6,006188348430332
2;80;100;0;41;-1;6,006324250260408
2;80;100;6;38;-1;6,006329478990821
1;80;100;5;41;-1;6,007491976431077
8;80;100;3;41;-1;6,007779457271433
8;80;100;3;41;-1;6,007779087643292
8;80;100;3;40;-1;6,007859862849389
8;80;100;3;38;-1;6,0078799180156786
8;80;100;3;40;-1;6,007992683473799
8;80;100;3;40;-1;6,008102557249659
8;80;100;3;41;-1;6,008102002779625
8;80;100;3;39;-1;6,008217659098287
2;80;100;7;41;-1;6,008540016588823
1;80;100;0;41;-1;6,008673020056278
2;80;100;7;41;-1;6,008745304391583
2;80;100;1;39;-1;6,008834382279851
2;80;100;1;41;-1;6,0089962984646785
8;80;100;4;41;-1;6,01023623694323
8;80;100;4;39;-1;6,010247432281842
8;80;100;4;40;-1;6,010360191933791
8;80;100;4;41;-1;6,010568177993967
8;80;100;4;40;-1;6,010567623311574
8;80;100;4;40;-1;6,010622557153307
8;80;100;4;37;-1;6,0107931407788655
8;80;100;4;41;-1;6,010824944437181
1;80;100;6;41;-1;6,010975103806556
2;80;100;8;37;-1;6,011505977837853
2;80;100;8;38;-1;6,0117486529247754
1;80;100;1;41;-1;6,011829605981874
2;80;100;2;41;-1;6,011953926476613
2;80;100;2;41;-1;6,012000185181397
8;80;100;5;41;-1;6,012484721086463
8;80;100;5;40;-1;6,0129132787989255
8;80;100;5;38;-1;6,0130052392792015
8;80;100;5;39;-1;6,013005054315178
8;80;100;5;41;-1;6,013059615293871
8;80;100;5;42;-1;6,013134043928125
8;80;100;5;39;-1;6,013184973771059
8;80;100;5;42;-1;6,013238609654376
1;80;100;7;38;-1;6,013723754645782
2;80;100;9;41;-1;6,013896477722175
2;80;100;9;40;-1;6,013901704842606
2;80;100;3;40;-1;6,014281656135654
1;80;100;2;41;-1;6,014350300556178
2;80;100;3;41;-1;6,014379210702029
8;80;100;6;41;-1;6,014872091303557
8;80;100;6;39;-1;6,014920682925737
8;80;100;6;41;-1;6,0151143781425676
8;80;100;6;42;-1;6,015333351030496
8;80;100;6;39;-1;6,015379606264977
8;80;100;6;39;-1;6,0153819421193
8;80;100;6;41;-1;6,015572559414477
8;80;100;6;39;-1;6,015738753208544
1;80;100;8;39;-1;6,016403591733443
8;80;100;7;41;-1;6,017251098148648
8;80;100;7;38;-1;6,01725054289168
8;80;100;7;40;-1;6,017314141141006
2;80;100;4;40;-1;6,017340158581831
8;80;100;7;41;-1;6,017449269474403
8;80;100;7;41;-1;6,017449269474403
8;80;100;7;38;-1;6,017520429330215
8;80;100;7;39;-1;6,017707961661971
8;80;100;7;39;-1;6,01789875421959
2;80;100;4;38;-1;6,018017276478937
1;80;100;3;41;-1;6,018130016887236
8;80;100;8;38;-1;6,019494186599448
8;80;100;8;39;-1;6,019626973029806
8;80;100;8;40;-1;6,019643946812528
8;80;100;8;39;-1;6,019701760401109
8;80;100;8;41;-1;6,01984210727216
1;80;100;9;41;-1;6,019911112937468
8;80;100;8;38;-1;6,019922305267114
8;80;100;8;39;-1;6,019980118492407
8;80;100;8;40;-1;6,020035040990552
2;80;100;5;41;-1;6,020320474378779
2;80;100;5;38;-1;6,0204332091321975
1;80;100;4;37;-1;6,021627692688709
8;80;100;9;38;-1;6,0221791569663985
8;80;100;9;40;-1;6,022346621647641
8;80;100;9;41;-1;6,022381307760883
8;80;100;9;40;-1;6,022442008397444
8;80;100;9;40;-1;6,022450124206017
8;80;100;9;40;-1;6,022577306203427
8;80;100;9;43;-1;6,022611992142978
8;80;100;9;44;-1;6,022614141678592
2;80;100;0;41;-1;6,022847530074515
2;80;100;6;42;-1;6,022907674343107
2;80;100;0;41;-1;6,023164925884208
2;80;100;6;41;-1;6,023292105901125
1;80;100;5;40;-1;6,02435051748625
2;80;100;7;40;-1;6,02485822089082
1;80;100;0;40;-1;6,025124132203338
2;80;100;7;40;-1;6,025270797650803
2;80;100;1;41;-1;6,025321896846917
2;80;100;1;39;-1;6,025433507237762
1;80;100;6;41;-1;6,02685266312212
2;80;100;8;38;-1;6,02717451311408
2;80;100;8;41;-1;6,027393055600151
1;80;100;1;40;-1;6,027487875528904
2;80;100;2;41;-1;6,027533191494767
2;80;100;2;37;-1;6,027535896291711
1;80;100;7;41;-1;6,02920260361926
2;80;100;9;41;-1;6,029427286892427
2;80;100;9;40;-1;6,0295365526164115
2;80;100;3;38;-1;6,029728331134263
1;80;100;2;40;-1;6,029907142204703
2;80;100;3;41;-1;6,029970722734739
1;80;100;8;38;-1;6,031221080393964
2;80;100;4;37;-1;6,031822292100959
2;80;100;4;40;-1;6,032153887931928
1;80;100;3;40;-1;6,032257367096351
1;80;100;9;39;-1;6,033500475587664
2;80;100;5;41;-1;6,033647298476194
2;80;100;5;41;-1;6,033679086160031
1;80;100;4;41;-1;6,034774700612798
2;80;100;0;37;-1;6,035538984851815
2;80;100;6;41;-1;6,03560218633817
2;80;100;6;37;-1;6,035765412109498
2;80;100;0;36;-1;6,035767744916315
1;80;100;5;41;-1;6,037181717149572
2;80;100;7;37;-1;6,03754935211335
1;80;100;0;38;-1;6,0377227243192735
2;80;100;7;40;-1;6,0378957245309115
2;80;100;1;39;-1;6,037967591131875
2;80;100;1;39;-1;6,038140776087425
1;80;100;6;41;-1;6,039671920939194
2;80;100;8;40;-1;6,040091543944412
2;80;100;8;40;-1;6,040168628495677
2;80;100;2;40;-1;6,040301168171684
1;80;100;1;40;-1;6,040315243521087
2;80;100;2;39;-1;6,040424482124458
1;80;100;7;38;-1;6,041957611880174
2;80;100;9;40;-1;6,04214196695969
2;80;100;9;42;-1;6,042144856211108
2;80;100;3;39;-1;6,042546748308046
2;80;100;3;40;-1;6,042618607259649
1;80;100;2;42;-1;6,042620753229884
1;80;100;8;40;-1;6,0437192187338225
2;80;100;4;41;-1;6,044456419055235
2;80;100;4;39;-1;6,0447109463397855
1;80;100;3;40;-1;6,0447571716998025
1;80;100;9;38;-1;6,04627141348331
2;80;100;5;37;-1;6,04645015853563
2;80;100;5;40;-1;6,046470195444207
1;80;100;4;38;-1;6,047453565797508
2;80;100;6;41;-1;6,048308589326563
2;80;100;0;41;-1;6,048369255311118
2;80;100;6;40;-1;6,048658139877047
2;80;100;0;39;-1;6,04870147240871
1;80;100;5;40;-1;6,050092852000958
2;80;100;7;38;-1;6,050550300060944
1;80;100;0;41;-1;6,050730614505781
2;80;100;7;38;-1;6,050733503211238
2;80;100;1;41;-1;6,050776275633257
2;80;100;1;40;-1;6,050981000955722
1;80;100;6;40;-1;6,052358149724703
2;80;100;8;40;-1;6,052863190962055
2;80;100;8;40;-1;6,053046570120247
2;80;100;2;41;-1;6,053158665360918
1;80;100;1;41;-1;6,053253429053667
2;80;100;2;40;-1;6,053341857102729
1;80;100;7;40;-1;6,054809313185943
2;80;100;9;40;-1;6,054929696811234
2;80;100;9;38;-1;6,0550937788166355
2;80;100;3;38;-1;6,05532392134827
2;80;100;3;41;-1;6,055436569208547
1;80;100;2;40;-1;6,05547989523672
1;80;100;8;41;-1;6,056856619782278
2;80;100;4;41;-1;6,057669441050104
1;80;100;3;38;-1;6,058209543139567
2;80;100;4;40;-1;6,05824709011277
1;80;100;9;41;-1;6,059505968969769
2;80;100;5;39;-1;6,059620749511318
2;80;100;5;38;-1;6,05962596689168
1;80;100;4;38;-1;6,060499481147626
2;80;100;6;40;-1;6,061269008698496
2;80;100;0;39;-1;6,061340650433074
2;80;100;6;41;-1;6,061409590370616
2;80;100;0;44;-1;6,061478157493135
1;80;100;5;39;-1;6,0628348536438
2;80;100;7;40;-1;6,063309123559371
2;80;100;7;37;-1;6,063522268751097
1;80;100;0;39;-1;6,063536335380182
2;80;100;1;39;-1;6,063619711280975
2;80;100;1;40;-1;6,063740815853717
1;80;100;6;38;-1;6,064985656316332
2;80;100;8;40;-1;6,06552725383472
2;80;100;8;40;-1;6,065707877272006
2;80;100;2;42;-1;6,065881142060305
1;80;100;1;39;-1;6,065886358106263
2;80;100;2;40;-1;6,065915235502794
1;80;100;7;39;-1;6,067688818858288
2;80;100;9;40;-1;6,067727939860236
2;80;100;9;40;-1;6,067955501758027
2;80;100;3;38;-1;6,068249850182041
2;80;100;3;37;-1;6,068373643228645
1;80;100;2;38;-1;6,0683732701292135
1;80;100;8;39;-1;6,069710938054536
2;80;100;4;41;-1;6,0704580470872065
1;80;100;3;39;-1;6,070900659366941
2;80;100;4;40;-1;6,071090482274873
1;80;100;9;39;-1;6,072387832501388
2;80;100;5;40;-1;6,072563212440346
2;80;100;5;37;-1;6,072606522158262
1;80;100;4;39;-1;6,073721932038395
2;80;100;6;41;-1;6,074507901829261
2;80;100;0;39;-1;6,074597404718005
2;80;100;6;40;-1;6,074695195518925
2;80;100;0;40;-1;6,0748160834961835
1;80;100;5;40;-1;6,076017676939689
2;80;100;7;37;-1;6,076606267436776
1;80;100;0;40;-1;6,076735624611659
2;80;100;7;39;-1;6,076755647183332
2;80;100;1;40;-1;6,076810501119047
2;80;100;1;40;-1;6,076960066965312
1;80;100;6;40;-1;6,078445644544917
2;80;100;8;40;-1;6,078834446212135
2;80;100;8;44;-1;6,0790633438530755
2;80;100;2;40;-1;6,079106086839666
1;80;100;1;40;-1;6,0791058999825776
2;80;100;2;38;-1;6,0791977201829
1;80;100;7;40;-1;6,081022452488179
2;80;100;9;40;-1;6,081146583857422
2;80;100;9;38;-1;6,081240538816785
2;80;100;3;40;-1;6,081488052316414
2;80;100;3;40;-1;6,081615069152685
1;80;100;2;39;-1;6,081687237656599
1;80;100;8;38;-1;6,083321558830095
2;80;100;4;40;-1;6,084017127640064
1;80;100;3;38;-1;6,084360443821027
2;80;100;4;41;-1;6,084653938036987
1;80;100;9;40;-1;6,0858175527174465
2;80;100;5;37;-1;6,086088319693828
2;80;100;5;40;-1;6,086206664448409
1;80;100;4;39;-1;6,0872156828322135
2;80;100;6;39;-1;6,088023196192585
2;80;100;0;40;-1;6,08811537181093
2;80;100;6;40;-1;6,088132502687191
2;80;100;0;40;-1;6,088356887504844
1;80;100;5;40;-1;6,089511370866533
2;80;100;7;39;-1;6,089989923301594
1;80;100;0;40;-1;6,090110956943631
2;80;100;7;38;-1;6,090206201646782
2;80;100;1;39;-1;6,090344177515408
2;80;100;1;37;-1;6,09046716048891
1;80;100;6;39;-1;6,091712336448317
2;80;100;8;39;-1;6,092479471472118
2;80;100;8;39;-1;6,092696751367958
2;80;100;2;39;-1;6,092696564121984
1;80;100;1;40;-1;6,092733708128539
2;80;100;2;40;-1;6,092765454526903
1;80;100;7;40;-1;6,094617656197131
2;80;100;9;40;-1;6,094663830865345
2;80;100;9;37;-1;6,0948712416938795
2;80;100;3;39;-1;6,095080600897252
1;80;100;2;40;-1;6,095328786684805
2;80;100;3;39;-1;6,095331110594132
1;80;100;8;40;-1;6,09687881319216
2;80;100;4;39;-1;6,0974691567869455
1;80;100;3;38;-1;6,097649084004924
2;80;100;4;37;-1;6,0977953188028
1;80;100;9;40;-1;6,098928903418767
2;80;100;5;39;-1;6,099213456752291
2;80;100;5;39;-1;6,099215592648667
1;80;100;4;39;-1;6,100258825138228
2;80;100;6;40;-1;6,1008706328038995
2;80;100;0;40;-1;6,101026450578256
2;80;100;6;40;-1;6,1010639621874425
2;80;100;0;38;-1;6,101210747847457
1;80;100;5;38;-1;6,102227515074211
2;80;100;7;37;-1;6,102772931165978
1;80;100;0;40;-1;6,102849711636322
2;80;100;7;40;-1;6,102903783919391
2;80;100;1;40;-1;6,103074021577195
2;80;100;1;39;-1;6,103229081585305
1;80;100;6;39;-1;6,104498019473152
2;80;100;8;38;-1;6,105007211833707
2;80;100;8;38;-1;6,1052569151681295
1;80;100;1;40;-1;6,10530884945291
2;80;100;2;38;-1;6,105311171869404
2;80;100;2;40;-1;6,105536219739679
1;80;100;7;40;-1;6,106854325566338
2;80;100;9;37;-1;6,106910714725781
2;80;100;9;38;-1;6,107134253364078
2;80;100;3;40;-1;6,107300088686343
2;80;100;3;37;-1;6,10737435078535
1;80;100;2;38;-1;6,107397431608167
1;80;100;8;39;-1;6,108743955343781
2;80;100;4;38;-1;6,109510306059942
1;80;100;3;40;-1;6,1097388500562975
2;80;100;4;41;-1;6,109906176964332
1;80;100;9;41;-1;6,111056640062023
2;80;100;5;37;-1;6,111335344716972
2;80;100;5;38;-1;6,111334969159722
1;80;100;4;39;-1;6,112495926516478
2;80;100;6;41;-1;6,113056012736656
2;80;100;6;40;-1;6,113112956193873
2;80;100;0;40;-1;6,113112392705618
2;80;100;0;38;-1;6,113414537698074
1;80;100;5;38;-1;6,1145805245443405
2;80;100;7;37;-1;6,115078249714534
1;80;100;0;40;-1;6,115144032046845
2;80;100;7;40;-1;6,115178647308162
2;80;100;1;37;-1;6,115258852479854
2;80;100;1;40;-1;6,11559540982847
1;80;100;6;37;-1;6,117127790057749
2;80;100;8;39;-1;6,1177622486252226
2;80;100;8;39;-1;6,1179390159527705
1;80;100;1;41;-1;6,118068251145995
2;80;100;2;41;-1;6,118068251145995
2;80;100;2;40;-1;6,118309789918128
1;80;100;7;39;-1;6,119845964481971
2;80;100;9;40;-1;6,119937510125233
2;80;100;9;38;-1;6,1201559643848285
2;80;100;3;40;-1;6,120282684826254
2;80;100;3;40;-1;6,120403260298082
1;80;100;2;39;-1;6,12054114101836
1;80;100;8;40;-1;6,12188707003416
2;80;100;4;40;-1;6,122538575969728
1;80;100;3;40;-1;6,122821220385404
2;80;100;4;39;-1;6,122978153605717
1;80;100;9;38;-1;6,124187455368954
2;80;100;5;40;-1;6,1244087726030605
2;80;100;5;38;-1;6,124459367800954
1;80;100;4;40;-1;6,125599037785404
2;80;100;6;39;-1;6,12605632558829
2;80;100;6;40;-1;6,126136886802151
2;80;100;0;39;-1;6,126139394304137
2;80;100;0;39;-1;6,126407408473539
1;80;100;5;39;-1;6,127602632959513
2;80;100;7;40;-1;6,128297249763838
1;80;100;0;40;-1;6,128398181543655
2;80;100;7;40;-1;6,128415295846078
2;80;100;1;40;-1;6,1285306461399776
2;80;100;1;40;-1;6,128685992038311
1;80;100;6;38;-1;6,129919642097927
2;80;100;8;40;-1;6,130440829018848
2;80;100;8;39;-1;6,1306905742777404
1;80;100;1;40;-1;6,130698660127599
2;80;100;2;38;-1;6,1308140045683475
2;80;100;2;39;-1;6,1308686047417496
1;80;100;7;37;-1;6,132314890835588
2;80;100;9;40;-1;6,132435621466236
2;80;100;9;39;-1;6,132772425222176
2;80;100;3;40;-1;6,1329564026788175
2;80;100;3;40;-1;6,1330940555737135
1;80;100;2;41;-1;6,1331972949562905
1;80;100;8;40;-1;6,134407502902254
2;80;100;4;38;-1;6,135030610276756
1;80;100;3;40;-1;6,135219591024679
2;80;100;4;39;-1;6,135291674132384
1;80;100;9;37;-1;6,136597291099604
2;80;100;5;38;-1;6,1366891776888535
2;80;100;5;40;-1;6,136919458850942
1;80;100;4;40;-1;6,13802269794507
2;80;100;6;39;-1;6,138673208415211
2;80;100;6;40;-1;6,13875105223687
2;80;100;0;40;-1;6,138823129734391
2;80;100;0;40;-1;6,1389455942321165
1;80;100;5;38;-1;6,139915164860885
2;80;100;7;41;-1;6,140354568510308
1;80;100;0;39;-1;6,140419557187083
2;80;100;7;40;-1;6,140525473427308
2;80;100;1;40;-1;6,1405860161365196
2;80;100;1;39;-1;6,140769395052138
1;80;100;6;38;-1;6,141771309126603
2;80;100;8;40;-1;6,142159179198424
2;80;100;8;40;-1;6,142287399382646
1;80;100;1;39;-1;6,142289904930155
2;80;100;2;40;-1;6,1423814020970635
2;80;100;2;38;-1;6,142384096298163
2;80;100;9;40;-1;6,143976322611786
1;80;100;7;40;-1;6,14403686062754
2;80;100;9;37;-1;6,144412047370508
2;80;100;3;40;-1;6,144610955768956
2;80;100;3;39;-1;6,144664972577164
1;80;100;2;41;-1;6,14485967601734
1;80;100;8;37;-1;6,145666123548246
2;80;100;4;40;-1;6,146309568867595
1;80;100;3;40;-1;6,146589181786323
2;80;100;4;38;-1;6,1466900726366225
1;80;100;9;38;-1;6,147790316227919
2;80;100;5;39;-1;6,147852976408359
2;80;100;5;41;-1;6,148129697409363
1;80;100;4;38;-1;6,149098873801484
2;80;100;6;39;-1;6,149599709506182
2;80;100;6;39;-1;6,149697144629356
2;80;100;0;38;-1;6,14977785178862
2;80;100;0;39;-1;6,150057065605222
1;80;100;5;40;-1;6,150815551638704
2;80;100;7;39;-1;6,151218320560422
1;80;100;0;40;-1;6,151375713578237
2;80;100;7;40;-1;6,151383982619367
2;80;100;1;42;-1;6,151461048817842
2;80;100;1;40;-1;6,151619007699183
2;80;100;8;40;-1;6,15273911515905
1;80;100;6;39;-1;6,152906282982388
2;80;100;8;40;-1;6,15296104472605
1;80;100;1;38;-1;6,153165680149902
2;80;100;2;40;-1;6,153274825014954
2;80;100;2;37;-1;6,15327444706209
1;80;100;7;39;-1;6,154890657164451
2;80;100;9;39;-1;6,154922359959459
2;80;100;9;41;-1;6,1550288074498285
2;80;100;3;40;-1;6,15508914174053
2;80;100;3;40;-1;6,155209810077348
1;80;100;2;40;-1;6,155379850911992
1;80;100;8;37;-1;6,155910190027708
2;80;100;4;40;-1;6,156832847726863
2;80;100;4;40;-1;6,157110127102097
1;80;100;3;40;-1;6,157110127102097
1;80;100;9;40;-1;6,157702288673991
2;80;100;5;39;-1;6,157849265121934
2;80;100;5;40;-1;6,157952067375062
1;80;100;4;41;-1;6,158554655386799
2;80;100;6;39;-1;6,159092421533336
2;80;100;6;39;-1;6,159091854105609
2;80;100;0;39;-1;6,159154308078496
2;80;100;0;38;-1;6,159210809206284
1;80;100;5;37;-1;6,159738219609097
2;80;100;7;40;-1;6,159992993398514
2;80;100;7;39;-1;6,160163016198898
1;80;100;0;40;-1;6,160335163397745
2;80;100;1;41;-1;6,160335163397745
2;80;100;1;40;-1;6,160462949081362
2;80;100;8;40;-1;6,161792245562103
1;80;100;6;40;-1;6,161889842548026
2;80;100;8;40;-1;6,161975723608102
1;80;100;1;37;-1;6,162029149801848
2;80;100;2;37;-1;6,162097740889466
2;80;100;2;39;-1;6,162146728287366
2;80;100;9;42;-1;6,163614097624069
1;80;100;7;40;-1;6,163660201880943
2;80;100;9;39;-1;6,163751653156649
2;80;100;3;39;-1;6,163857890298272
2;80;100;3;38;-1;6,1640475011883895
1;80;100;2;39;-1;6,164190629027026
1;80;100;8;37;-1;6,1647112695317725
2;80;100;4;37;-1;6,165518866532564
2;80;100;4;40;-1;6,165820844159001
1;80;100;3;40;-1;6,165881353045736
1;80;100;9;40;-1;6,166409061242024
2;80;100;5;39;-1;6,166459789217453
2;80;100;5;39;-1;6,166735260530735
1;80;100;4;37;-1;6,167723582927701
2;80;100;6;39;-1;6,167883417882374
2;80;100;6;41;-1;6,167992905111019
2;80;100;0;40;-1;6,168021717497142
2;80;100;0;41;-1;6,168211121190279
1;80;100;5;37;-1;6,1687664766932375
2;80;100;7;40;-1;6,169096486355787
2;80;100;7;39;-1;6,169280880802699
2;80;100;1;40;-1;6,169355601404217
1;80;100;0;38;-1;6,169413034989424
2;80;100;1;41;-1;6,169535787600242
2;80;100;8;39;-1;6,170740735452589
1;80;100;6;41;-1;6,170812762012786
2;80;100;8;40;-1;6,170855788417485
1;80;100;1;39;-1;6,170933008462757
2;80;100;2;40;-1;6,171016558908967
2;80;100;2;39;-1;6,171015990460232
2;80;100;9;38;-1;6,172429123268376
1;80;100;7;38;-1;6,172546105184787
2;80;100;9;40;-1;6,172718961802926
2;80;100;3;39;-1;6,17276793772894
2;80;100;3;37;-1;6,172937723067185
1;80;100;2;40;-1;6,1731826010360695
1;80;100;8;39;-1;6,173787246501979
2;80;100;4;40;-1;6,174870857597908
2;80;100;4;40;-1;6,1750652350220125
1;80;100;3;40;-1;6,175151089856534
1;80;100;9;39;-1;6,175629144652379
2;80;100;5;39;-1;6,175665835978839
2;80;100;5;40;-1;6,176117958453795
1;80;100;4;40;-1;6,176980270635945
2;80;100;6;40;-1;6,177153110418782
2;80;100;6;40;-1;6,177218227540168
2;80;100;0;38;-1;6,1773348168654625
2;80;100;0;40;-1;6,177400692329472
1;80;100;5;40;-1;6,178072481274958
2;80;100;7;40;-1;6,178419704556429
2;80;100;7;39;-1;6,178650150123596
2;80;100;1;40;-1;6,178771133593187
1;80;100;0;40;-1;6,178923043929655
2;80;100;1;38;-1;6,179056911667406
2;80;100;8;40;-1;6,180144068415596
1;80;100;6;38;-1;6,180261787936151
2;80;100;8;39;-1;6,180436926409744
1;80;100;1;39;-1;6,180522770535301
2;80;100;2;40;-1;6,180597662003378
2;80;100;2;38;-1;6,180611684681442
2;80;100;9;40;-1;6,182046410678744
1;80;100;7;40;-1;6,1821645046950415
2;80;100;9;41;-1;6,18219561899907
2;80;100;3;40;-1;6,18228490933139
2;80;100;3;37;-1;6,182426045316476
1;80;100;2;40;-1;6,182660902410184
1;80;100;8;40;-1;6,183137322444283
2;80;100;4;40;-1;6,1839434457346005
2;80;100;4;38;-1;6,1840550149787346
1;80;100;3;42;-1;6,184103409096456
1;80;100;9;38;-1;6,184687551586444
2;80;100;5;40;-1;6,184742274928275
2;80;100;5;40;-1;6,184965029168455
1;80;100;4;38;-1;6,185669555152012
2;80;100;6;40;-1;6,185918035441686
2;80;100;6;40;-1;6,185986588013994
2;80;100;0;40;-1;6,1861323330706135
2;80;100;0;38;-1;6,186192814796645
1;80;100;5;37;-1;6,186746387826805
2;80;100;7;40;-1;6,187035372091906
2;80;100;7;40;-1;6,187201463609809
2;80;100;1;40;-1;6,187282103984569
1;80;100;0;40;-1;6,187333944152279
2;80;100;1;40;-1;6,187646534242123
2;80;100;8;38;-1;6,188935261104115
1;80;100;6;39;-1;6,188998049018172
2;80;100;8;40;-1;6,18909289570381
1;80;100;1;40;-1;6,189277208719247
2;80;100;2;40;-1;6,189412563128726
2;80;100;2;41;-1;6,189461331001205
2;80;100;9;38;-1;6,190892693542756
1;80;100;7;38;-1;6,191076999208599
2;80;100;3;40;-1;6,191206588696273
2;80;100;9;40;-1;6,191238266072137
2;80;100;3;39;-1;6,191287221974573
1;80;100;2;39;-1;6,191462886850928
1;80;100;8;40;-1;6,192166898788774
2;80;100;4;40;-1;6,192898555725239
2;80;100;4;39;-1;6,193156773516955
1;80;100;3;39;-1;6,193259489858955
1;80;100;9;37;-1;6,193776109807549
2;80;100;5;37;-1;6,1938941732915005
2;80;100;5;39;-1;6,194171591596325
1;80;100;4;39;-1;6,194893055411066
2;80;100;6;38;-1;6,195022063542499
2;80;100;6;37;-1;6,195076774409615
2;80;100;0;40;-1;6,195282197468055
2;80;100;0;40;-1;6,195281817117476
1;80;100;5;38;-1;6,195735255024579
2;80;100;7;39;-1;6,196154922183505
2;80;100;7;40;-1;6,196304463024448
2;80;100;1;40;-1;6,196401983416886
1;80;100;0;40;-1;6,196479728025252
2;80;100;1;40;-1;6,1968093392738774
2;80;100;8;37;-1;6,197737146763767
1;80;100;6;37;-1;6,197837543257008
2;80;100;8;39;-1;6,197851559454395
1;80;100;1;40;-1;6,19795521551667
2;80;100;2;39;-1;6,1980840242520046
2;80;100;2;40;-1;6,1980836437418985
2;80;100;9;38;-1;6,199577467430254
1;80;100;7;39;-1;6,1996200849429535
2;80;100;3;40;-1;6,199700512892544
2;80;100;9;39;-1;6,199791886648822
2;80;100;3;39;-1;6,199794194951969
1;80;100;2;40;-1;6,2000302899281445
1;80;100;8;40;-1;6,20060003588846
2;80;100;4;40;-1;6,201265331825776
2;80;100;4;39;-1;6,201471866574337
1;80;100;3;40;-1;6,201755755100387
1;80;100;9;40;-1;6,202122754028856
2;80;100;5;38;-1;6,202197228922198
2;80;100;5;39;-1;6,202547330698195
1;80;100;4;37;-1;6,203077284227485
2;80;100;6;38;-1;6,203197440662557
2;80;100;6;41;-1;6,203247929761922
2;80;100;0;38;-1;6,203431042514502
2;80;100;0;40;-1;6,203502064944707
1;80;100;5;38;-1;6,203876733884591
2;80;100;7;40;-1;6,204422779443653
2;80;100;7;40;-1;6,204549451676003
2;80;100;1;40;-1;6,20465559035819
1;80;100;0;38;-1;6,2046552094735
2;80;100;1;40;-1;6,20509241987165
2;80;100;8;40;-1;6,206318064754088
2;80;100;8;40;-1;6,2064044286613544
1;80;100;1;42;-1;6,206467571598119
1;80;100;6;40;-1;6,206467190609857
2;80;100;2;38;-1;6,20661055840042
2;80;100;2;40;-1;6,206696921752082
1;80;100;7;38;-1;6,208255688383006
2;80;100;9;39;-1;6,208258185970227
2;80;100;3;37;-1;6,2083840854156085
2;80;100;9;40;-1;6,208483504875815
2;80;100;3;39;-1;6,208486383538404
1;80;100;2;40;-1;6,208566414357034
1;80;100;8;39;-1;6,209366333013852
2;80;100;4;40;-1;6,210085025802564
2;80;100;4;39;-1;6,21025064780587
1;80;100;3;37;-1;6,210487279523136
1;80;100;9;40;-1;6,2107778392115645
2;80;100;5;40;-1;6,2108375255083015
2;80;100;5;38;-1;6,211105817221172
1;80;100;4;40;-1;6,211611113643119
2;80;100;6;41;-1;6,211909709936269
2;80;100;6;39;-1;6,211975532738454
2;80;100;0;39;-1;6,212139031400028
2;80;100;0;40;-1;6,212219627281124
1;80;100;5;40;-1;6,21262914243256
2;80;100;7;40;-1;6,212912005283685
2;80;100;7;40;-1;6,213038463031673
2;80;100;1;40;-1;6,213213471178862
1;80;100;0;40;-1;6,213276795020883
2;80;100;1;40;-1;6,213566935836191
2;80;100;8;40;-1;6,214547710202686
2;80;100;8;43;-1;6,21459299964596
1;80;100;1;37;-1;6,214662078071749
1;80;100;6;40;-1;6,214693738982894
2;80;100;2;40;-1;6,214894454070658
2;80;100;2;39;-1;6,215026090477043
1;80;100;7;40;-1;6,216548116560929
2;80;100;9;40;-1;6,216634460861315
2;80;100;3;40;-1;6,216674754813752
2;80;100;9;40;-1;6,216745945066078
2;80;100;3;39;-1;6,216748823199467
1;80;100;2;39;-1;6,216802935334424
1;80;100;8;41;-1;6,2175913613422
2;80;100;4;41;-1;6,217987389737539
2;80;100;4;40;-1;6,218332182559826
1;80;100;3;41;-1;6,218880547796572
1;80;100;9;40;-1;6,219341803899925
2;80;100;5;40;-1;6,219453662859889
2;80;100;5;38;-1;6,219913371131272
1;80;100;4;40;-1;6,220423922587094
2;80;100;6;40;-1;6,220569931774073
2;80;100;6;37;-1;6,220808223546681
2;80;100;0;37;-1;6,2208673226077495
2;80;100;0;40;-1;6,220950589956696
1;80;100;5;40;-1;6,221367893054693
2;80;100;7;40;-1;6,222092148737454
2;80;100;7;38;-1;6,22211804889704
1;80;100;0;40;-1;6,222207069505461
2;80;100;1;39;-1;6,222276136394359
2;80;100;1;38;-1;6,222502907997718
2;80;100;8;38;-1;6,223777170131395
1;80;100;1;40;-1;6,223906666102849
2;80;100;8;37;-1;6,223917794854887
1;80;100;6;40;-1;6,223983217551801
2;80;100;2;39;-1;6,224221300299938
2;80;100;2;40;-1;6,224260823572633
1;80;100;7;39;-1;6,2256160153244195
2;80;100;3;38;-1;6,2257648848148115
2;80;100;9;38;-1;6,22576431168152
2;80;100;3;39;-1;6,225893228800272
2;80;100;9;40;-1;6,2258959153092
1;80;100;2;40;-1;6,225967281026447
1;80;100;8;38;-1;6,226849928312029
2;80;100;4;40;-1;6,227426581674326
2;80;100;4;40;-1;6,227637602256927
1;80;100;3;40;-1;6,22787528305323
1;80;100;9;39;-1;6,228428712746906
2;80;100;5;40;-1;6,228525970743263
2;80;100;5;40;-1;6,22895163137361
1;80;100;4;40;-1;6,229440016044482
2;80;100;6;38;-1;6,229497562675099
2;80;100;6;37;-1;6,229786451647904
2;80;100;0;38;-1;6,229888696601744
2;80;100;0;40;-1;6,229888696601744
1;80;100;5;40;-1;6,230221506849467
2;80;100;7;40;-1;6,23084203998949
2;80;100;7;40;-1;6,231002591840214
1;80;100;0;39;-1;6,231065508568949
2;80;100;1;39;-1;6,231065126177669
2;80;100;1;37;-1;6,231334629043909
2;80;100;8;40;-1;6,232781096999764
1;80;100;1;37;-1;6,232825792200152
2;80;100;8;40;-1;6,232828669318142
1;80;100;6;40;-1;6,232934357564141
2;80;100;2;40;-1;6,233052127716143
2;80;100;2;37;-1;6,233236070735036
1;80;100;7;40;-1;6,234480511351503
2;80;100;3;38;-1;6,234534218084677
2;80;100;9;39;-1;6,234648724399148
2;80;100;3;40;-1;6,234714704085324
1;80;100;2;40;-1;6,234780109770068
2;80;100;9;40;-1;6,234820387653042
1;80;100;8;37;-1;6,235670828151804
2;80;100;4;40;-1;6,236027956421522
2;80;100;4;37;-1;6,236379710580528
1;80;100;3;39;-1;6,236766558322565
1;80;100;9;37;-1;6,237021833235263
2;80;100;5;40;-1;6,2371455376197815
2;80;100;5;37;-1;6,237607750040984
2;80;100;6;39;-1;6,238109275740603
1;80;100;4;40;-1;6,238114646510948
2;80;100;6;40;-1;6,238459476181795
2;80;100;0;39;-1;6,238519313877533
2;80;100;0;37;-1;6,238533506246842
1;80;100;5;38;-1;6,238818118201435
2;80;100;7;38;-1;6,239304672184012
2;80;100;7;41;-1;6,239367385354305
1;80;100;0;37;-1;6,239372373026723
2;80;100;1;39;-1;6,23941840020662
2;80;100;1;37;-1;6,239808863632417
2;80;100;8;45;-1;6,241051004240354
1;80;100;1;38;-1;6,241137301970981
2;80;100;8;40;-1;6,241214969792719
1;80;100;6;40;-1;6,2412466122017225
2;80;100;2;38;-1;6,241380279429282
2;80;100;2;40;-1;6,24150358890675
1;80;100;7;40;-1;6,242932074156969
2;80;100;3;40;-1;6,243057489676626
2;80;100;3;41;-1;6,243169671757983
2;80;100;9;39;-1;6,243209942183245
1;80;100;2;40;-1;6,2432847300240955
2;80;100;9;39;-1;6,243422608022935
1;80;100;8;39;-1;6,2443534173529285
2;80;100;4;40;-1;6,244932527994657
2;80;100;4;39;-1;6,245271361313201
1;80;100;3;40;-1;6,245555159009839
1;80;100;9;37;-1;6,245764171202908
2;80;100;5;37;-1;6,245956499543496
2;80;100;5;38;-1;6,2461110522415035
2;80;100;6;40;-1;6,246573173934278
1;80;100;4;41;-1;6,246763005790987
2;80;100;6;40;-1;6,247139216025544
2;80;100;0;38;-1;6,2471532137702805
2;80;100;0;37;-1;6,247164335299947
1;80;100;5;40;-1;6,247451188681387
2;80;100;7;40;-1;6,248140895344802
2;80;100;7;39;-1;6,248263419394513
1;80;100;0;38;-1;6,24826322770874
2;80;100;1;40;-1;6,248512684361565
2;80;100;1;40;-1;6,248634057144484
2;80;100;8;41;-1;6,249583165807147
1;80;100;1;40;-1;6,249631866969485
2;80;100;8;38;-1;6,24971527236252
1;80;100;6;38;-1;6,249726393088285
2;80;100;2;40;-1;6,249854472799782
2;80;100;2;40;-1;6,249922730683384
1;80;100;7;41;-1;6,251183756205153
2;80;100;3;40;-1;6,251349985721327
2;80;100;3;40;-1;6,251415556970724
2;80;100;9;40;-1;6,251415365195357
1;80;100;2;40;-1;6,251541522637835
2;80;100;9;44;-1;6,25157814256405
1;80;100;8;41;-1;6,252623624962835
2;80;100;4;41;-1;6,252974668972931
2;80;100;4;39;-1;6,253261676356548
1;80;100;3;38;-1;6,253486947210254
1;80;100;9;37;-1;6,253635913307679
2;80;100;5;40;-1;6,253853705870811
2;80;100;5;41;-1;6,254011873596697
2;80;100;6;39;-1;6,254607344222109
1;80;100;4;41;-1;6,254843153827722
2;80;100;6;41;-1;6,254946487745226
2;80;100;0;39;-1;6,2550525052557715
2;80;100;0;38;-1;6,2550523133766855
1;80;100;5;39;-1;6,2552773828953985
2;80;100;7;39;-1;6,2559140549526155
2;80;100;7;41;-1;6,255973867883496
1;80;100;0;41;-1;6,256114198683561
2;80;100;1;41;-1;6,256200467769991
2;80;100;1;39;-1;6,256426106925389
2;80;100;8;40;-1;6,257254654635494
2;80;100;8;41;-1;6,257334594568413
1;80;100;6;39;-1;6,2574661023653455
1;80;100;1;39;-1;6,257468977917132
2;80;100;2;40;-1;6,257543166351793
2;80;100;2;39;-1;6,257671797967602
1;80;100;7;40;-1;6,258757390763115
2;80;100;3;38;-1;6,258972474539346
2;80;100;3;41;-1;6,259035734538521
2;80;100;9;39;-1;6,2590409094654165
1;80;100;2;39;-1;6,259092667572258
2;80;100;9;41;-1;6,259161102304319
1;80;100;8;41;-1;6,259979823793151
2;80;100;4;41;-1;6,260527868293992
2;80;100;4;41;-1;6,260862939673472
1;80;100;3;40;-1;6,261151619325014
1;80;100;9;41;-1;6,261346180272676
2;80;100;5;39;-1;6,261525019435542
2;80;100;5;40;-1;6,26159958495011
2;80;100;6;38;-1;6,262179039211166
1;80;100;4;40;-1;6,262290405546959
2;80;100;6;40;-1;6,262621819663388
2;80;100;0;41;-1;6,262659197547128
2;80;100;0;40;-1;6,262687949745106
1;80;100;5;40;-1;6,262997511833125
2;80;100;7;42;-1;6,2634358783432
2;80;100;7;38;-1;6,263536509248527
1;80;100;0;41;-1;6,26363713993779
2;80;100;1;39;-1;6,263682758217078
2;80;100;1;40;-1;6,264010902301648
2;80;100;8;40;-1;6,264647256430039
2;80;100;8;41;-1;6,264670065032681
1;80;100;6;37;-1;6,264693065776258
1;80;100;1;38;-1;6,264736192140039
2;80;100;2;39;-1;6,264816694579589
2;80;100;2;40;-1;6,2648849279244825
1;80;100;7;40;-1;6,266346390815978
2;80;100;3;40;-1;6,266492822774405
2;80;100;3;39;-1;6,26667107113433
2;80;100;9;40;-1;6,266757320097368
1;80;100;2;38;-1;6,2668261269391206
2;80;100;9;41;-1;6,26691812552
1;80;100;8;40;-1;6,267468383117947
2;80;100;4;39;-1;6,267916667177856
2;80;100;4;38;-1;6,268268546918935
1;80;100;3;39;-1;6,268492016944949
1;80;100;9;40;-1;6,268575387599354
2;80;100;5;40;-1;6,268825498672711
2;80;100;5;40;-1;6,268874370795521
2;80;100;6;38;-1;6,269331081846195
1;80;100;4;37;-1;6,2693655794461085
2;80;100;6;40;-1;6,269584063655867
2;80;100;0;40;-1;6,269669730255924
2;80;100;0;39;-1;6,2696777777079165
1;80;100;5;40;-1;6,269964677836387
2;80;100;7;39;-1;6,270348740383182
2;80;100;7;37;-1;6,2704206087584575
1;80;100;0;40;-1;6,270492284704552
2;80;100;1;41;-1;6,270532338563587
2;80;100;1;40;-1;6,270812906873007
2;80;100;8;39;-1;6,27137978746681
2;80;100;8;38;-1;6,271466027550123
1;80;100;6;38;-1;6,271465258163377
1;80;100;1;40;-1;6,271542297047187
2;80;100;2;39;-1;6,271544979359636
2;80;100;2;40;-1;6,271705575403506
1;80;100;7;40;-1;6,272837008754163
2;80;100;3;40;-1;6,272891625738291
2;80;100;3;38;-1;6,273000282344328
1;80;100;2;40;-1;6,273137876688037
2;80;100;9;38;-1;6,2731489901407835
2;80;100;9;40;-1;6,273206481305359
1;80;100;8;40;-1;6,273857269346121
2;80;100;4;40;-1;6,2744781486127055
2;80;100;4;38;-1;6,274806018023967
1;80;100;3;40;-1;6,274973878529496
1;80;100;9;40;-1;6,27512334936016
2;80;100;5;37;-1;6,275335864571073
2;80;100;5;40;-1;6,275393352962569
2;80;100;6;39;-1;6,275742875812175
1;80;100;4;37;-1;6,275780242942788
2;80;100;6;40;-1;6,275944083086819
2;80;100;0;38;-1;6,27604430144589
2;80;100;0;37;-1;6,276144134617566
1;80;100;5;41;-1;6,2763610463871
2;80;100;7;39;-1;6,276738727446728
2;80;100;7;40;-1;6,276780879924961
1;80;100;0;37;-1;6,276780494928894
2;80;100;1;41;-1;6,276925930482996
2;80;100;1;40;-1;6,277071750541194
2;80;100;8;41;-1;6,277607895877772
2;80;100;8;40;-1;6,2777140514812455
1;80;100;6;40;-1;6,277790886610208
1;80;100;1;40;-1;6,277899530974607
2;80;100;2;40;-1;6,277942644830081
2;80;100;2;39;-1;6,278108773757088
1;80;100;7;39;-1;6,278891510555064
2;80;100;3;38;-1;6,278992107317155
1;80;100;2;40;-1;6,27905169501968
2;80;100;3;38;-1;6,2790568657028265
2;80;100;9;40;-1;6,279140024442575
2;80;100;9;40;-1;6,279142320926846
1;80;100;8;41;-1;6,279945736261992
2;80;100;4;40;-1;6,280311890061069
2;80;100;4;40;-1;6,2807178927123095
1;80;100;3;40;-1;6,280780351996954
1;80;100;9;37;-1;6,280854500083766
2;80;100;5;38;-1;6,281028469793561
2;80;100;5;39;-1;6,281031343853801
1;80;100;4;40;-1;6,281436569158084
2;80;100;6;40;-1;6,281534286208369
2;80;100;6;40;-1;6,281620314330028
2;80;100;0;40;-1;6,281662268825858
2;80;100;0;40;-1;6,2816620761888675
1;80;100;5;38;-1;6,282022467396288
2;80;100;7;37;-1;6,282134167819161
1;80;100;0;38;-1;6,282231112741199
2;80;100;7;40;-1;6,2823138802072505
2;80;100;1;39;-1;6,282373463069807
2;80;100;1;40;-1;6,282375566414289
2;80;100;8;39;-1;6,282782320135056
2;80;100;8;43;-1;6,282784423406914
1;80;100;6;40;-1;6,28298559926421
1;80;100;1;41;-1;6,283037330059341
2;80;100;2;40;-1;6,283103430436678
2;80;100;2;40;-1;6,283224135232954
1;80;100;7;40;-1;6,283955998934672
2;80;100;3;38;-1;6,284056584390534
1;80;100;2;38;-1;6,284056006275187
2;80;100;9;40;-1;6,284288788910715
2;80;100;9;40;-1;6,284354887472961
2;80;100;3;40;-1;6,284475588954736
1;80;100;8;40;-1;6,284703568442738
2;80;100;4;38;-1;6,284927901941341
2;80;100;4;37;-1;6,28529746566462
1;80;100;3;39;-1;6,285368539336592
1;80;100;9;40;-1;6,2855783250362025
2;80;100;5;40;-1;6,28573925589518
2;80;100;5;39;-1;6,28584768763872
2;80;100;6;40;-1;6,286237359864576
1;80;100;4;40;-1;6,286280080241576
2;80;100;6;39;-1;6,286411500367243
2;80;100;0;40;-1;6,286410922050786
2;80;100;0;40;-1;6,286488319582644
2;80;100;7;38;-1;6,286846953924835
1;80;100;5;39;-1;6,286846375571138
1;80;100;0;37;-1;6,287015922977902
2;80;100;7;38;-1;6,287032779472939
2;80;100;1;41;-1;6,287124737092765
2;80;100;1;41;-1;6,287141786333405
2;80;100;8;40;-1;6,287406723428993
2;80;100;8;39;-1;6,287414765988914
1;80;100;6;40;-1;6,287468786967039
2;80;100;2;40;-1;6,287559201235583
1;80;100;1;38;-1;6,287559201235583
2;80;100;2;40;-1;6,287845793464138
1;80;100;7;37;-1;6,288599989304356
2;80;100;3;40;-1;6,2886574608140435
1;80;100;2;37;-1;6,288656689470122
2;80;100;9;40;-1;6,2887515172961415
2;80;100;9;40;-1;6,288780252963106
2;80;100;3;40;-1;6,288932551703803
1;80;100;8;37;-1;6,289095765591053
2;80;100;4;38;-1;6,289409154600654
2;80;100;4;40;-1;6,289715077907165
1;80;100;3;37;-1;6,289766222386416
1;80;100;9;40;-1;6,289995909165631
2;80;100;5;39;-1;6,290231534633053
2;80;100;5;40;-1;6,290297045842307
2;80;100;6;40;-1;6,290756412960683
1;80;100;4;39;-1;6,290865603607627
2;80;100;6;40;-1;6,290959655251271
1;80;100;5;37;-1;6,291277254363924
2;80;100;7;40;-1;6,291429158934317
1;80;100;0;40;-1;6,291428773104405
2;80;100;7;39;-1;6,291640632447771
2;80;100;8;40;-1;6,291938113071381
1;80;100;6;40;-1;6,292020668898908
2;80;100;8;40;-1;6,292075262727485
1;80;100;1;40;-1;6,292160884572564
1;80;100;7;40;-1;6,293276826070757
1;80;100;2;38;-1;6,293279506383237
2;80;100;9;38;-1;6,2933768118550555
2;80;100;9;40;-1;6,293431404023094
1;80;100;8;40;-1;6,293582529245995
1;80;100;3;39;-1;6,294117123998151
1;80;100;9;39;-1;6,29417956296375
1;80;100;4;40;-1;6,29486490694628
1;80;100;5;40;-1;6,295334368780933
1;80;100;0;40;-1;6,295409070617991
1;80;100;6;39;-1;6,295900375886365
1;80;100;1;37;-1;6,2960319598594
1;80;100;7;39;-1;6,296821432424889
1;80;100;2;39;-1;6,296823726274913
1;80;100;8;40;-1;6,296994757737208
1;80;100;3;40;-1;6,297591165132168
1;80;100;9;40;-1;6,297700339201731
1;80;100;4;40;-1;6,298440987603553
1;80;100;5;40;-1;6,298886076059589
1;80;100;0;40;-1;6,298940661583525
1;80;100;6;40;-1;6,299286159167662
1;80;100;1;40;-1;6,299380385296162
1;80;100;7;40;-1;6,300374539253314
1;80;100;2;39;-1;6,300446359915025
1;80;100;8;37;-1;6,300609144731706
1;80;100;3;38;-1;6,30143858253519
1;80;100;9;37;-1;6,301507528752483
1;80;100;4;40;-1;6,301788453052862
1;80;100;5;40;-1;6,302205359047842
1;80;100;0;40;-1;6,30233998983093
1;80;100;6;40;-1;6,302761888763674
1;80;100;1;39;-1;6,302798653831408
1;80;100;7;40;-1;6,303704064569153
1;80;100;2;39;-1;6,303775106853493
1;80;100;8;40;-1;6,303967571422611
1;80;100;9;38;-1;6,304702344439623
1;80;100;3;39;-1;6,304710382219474
1;80;100;4;41;-1;6,305195427318819
1;80;100;5;40;-1;6,305607908571323
1;80;100;0;39;-1;6,30573313824573
1;80;100;6;40;-1;6,306165141715529
1;80;100;1;40;-1;6,30625706032344
1;80;100;7;40;-1;6,307335156782507
1;80;100;2;40;-1;6,307454443270331
1;80;100;8;40;-1;6,307641147511396
1;80;100;3;40;-1;6,308339098928789
1;80;100;9;38;-1;6,308361884110644
1;80;100;4;40;-1;6,3089774950251405
1;80;100;5;39;-1;6,309358346534424
1;80;100;0;40;-1;6,309551918859142
1;80;100;6;39;-1;6,309973750263455
1;80;100;1;40;-1;6,310255226992784
1;80;100;7;40;-1;6,311348912977068
1;80;100;2;38;-1;6,311486194756309
1;80;100;8;40;-1;6,3115744566079925
1;80;100;3;36;-1;6,312088726254594
1;80;100;9;41;-1;6,3122664082829365
1;80;100;4;40;-1;6,312668659940481
1;80;100;5;40;-1;6,313015789613248
1;80;100;0;39;-1;6,3133797616268925
1;80;100;6;38;-1;6,313609877403074
1;80;100;1;41;-1;6,313821049335974
1;80;100;7;40;-1;6,3150138405278256
1;80;100;2;40;-1;6,315222714579405
1;80;100;8;40;-1;6,315262921013798
1;80;100;3;41;-1;6,316007088679396
1;80;100;9;39;-1;6,31604881095242
1;80;100;4;41;-1;6,316473808278439
1;80;100;5;40;-1;6,316837171188408
1;80;100;0;40;-1;6,316998926306676
1;80;100;6;39;-1;6,317434078582896
1;80;100;1;38;-1;6,317479445564542
1;80;100;7;38;-1;6,3182800076143835
1;80;100;2;38;-1;6,318480250957743
1;80;100;8;39;-1;6,318523326143728
1;80;100;3;39;-1;6,319209424447277
1;80;100;9;40;-1;6,319269728726221
1;80;100;4;40;-1;6,319861827777932
1;80;100;5;43;-1;6,320456243768634
1;80;100;0;41;-1;6,320723104024
1;80;100;6;40;-1;6,321132569906268
1;80;100;1;41;-1;6,3211727710919225
1;80;100;7;41;-1;6,322144265664636
1;80;100;2;38;-1;6,322370915990915
1;80;100;8;41;-1;6,32248003049045
1;80;100;3;39;-1;6,323176584191925
1;80;100;9;39;-1;6,323181939327044
1;80;100;4;39;-1;6,323774374034314
1;80;100;5;41;-1;6,324054408429571
1;80;100;0;41;-1;6,3242532688005495
1;80;100;6;37;-1;6,324579979684774
1;80;100;1;41;-1;6,324665536893011
1;80;100;7;41;-1;6,325583915874502
1;80;100;2;39;-1;6,325888265500225
1;80;100;8;39;-1;6,32595678678022
1;80;100;3;41;-1;6,326568312789959
1;80;100;9;38;-1;6,326707642491187
1;80;100;4;39;-1;6,327363388325264
1;80;100;5;37;-1;6,3275796535041495
1;80;100;0;38;-1;6,327716108749971
1;80;100;6;41;-1;6,328266192315147
1;80;100;1;39;-1;6,328323225601234
1;80;100;7;41;-1;6,32912152834427
1;80;100;2;38;-1;6,329275786584592
1;80;100;8;38;-1;6,329369753470224
1;80;100;3;38;-1;6,330146194572626
1;80;100;9;38;-1;6,330303514101347
1;80;100;4;40;-1;6,3307576618080255
1;80;100;5;41;-1;6,33108932718219
1;80;100;0;39;-1;6,331429602640902
1;80;100;1;40;-1;6,332021926496732
1;80;100;6;38;-1;6,332024797320866
1;80;100;7;41;-1;6,333023016327272
1;80;100;2;38;-1;6,333220904318515
1;80;100;8;39;-1;6,333395825562031
1;80;100;3;39;-1;6,334250132882862
1;80;100;9;40;-1;6,334344671259497
1;80;100;4;39;-1;6,334935444985633
1;80;100;5;41;-1;6,335205825323593
1;80;100;0;40;-1;6,335448274475522
1;80;100;6;41;-1;6,3358176107355995
1;80;100;1;41;-1;6,335880763591607
1;80;100;7;40;-1;6,3370890262823725
1;80;100;2;39;-1;6,33724058024385
1;80;100;8;38;-1;6,337424637288699
1;80;100;3;40;-1;6,33810163511339
1;80;100;9;37;-1;6,338204388163283
1;80;100;4;40;-1;6,338599729506315
1;80;100;5;41;-1;6,338927105822796
1;80;100;0;39;-1;6,339289701057298
1;80;100;6;40;-1;6,339581117476489
1;80;100;1;37;-1;6,339649422904166
1;80;100;7;37;-1;6,34062431333899
1;80;100;2;40;-1;6,3406926170912925
1;80;100;8;41;-1;6,340988987361417
1;80;100;3;39;-1;6,3417231395513
1;80;100;9;40;-1;6,341791441521534
1;80;100;4;41;-1;6,342251404523736
1;80;100;5;40;-1;6,342618202663643
1;80;100;0;39;-1;6,343214607837633
1;80;100;6;40;-1;6,343586166462153
1;80;100;1;40;-1;6,343783230519829
1;80;100;7;41;-1;6,344937868210387
1;80;100;2;40;-1;6,344974400553365
1;80;100;8;40;-1;6,345234403688378
1;80;100;3;38;-1;6,345946886471525
1;80;100;9;40;-1;6,346015765093735
1;80;100;4;37;-1;6,346477192485487
1;80;100;5;40;-1;6,3466889819208685
1;80;100;0;41;-1;6,346972906391563
1;80;100;6;40;-1;6,347376001636124
1;80;100;1;40;-1;6,3475763074694305
1;80;100;7;40;-1;6,348534922718318
1;80;100;2;41;-1;6,348600343994123
1;80;100;8;37;-1;6,349008774631249
1;80;100;3;39;-1;6,349605046283368
1;80;100;9;40;-1;6,349711225498568
1;80;100;4;40;-1;6,350287983534885
1;80;100;5;39;-1;6,350557342404081
1;80;100;0;39;-1;6,35079051262283
1;80;100;1;40;-1;6,351142114286502
1;80;100;6;40;-1;6,351144400060132
1;80;100;2;40;-1;6,352261928793897
1;80;100;7;40;-1;6,352350884549178
1;80;100;8;40;-1;6,352636085542951
1;80;100;9;38;-1;6,353321650337191
1;80;100;3;41;-1;6,35336469245633
1;80;100;4;37;-1;6,353835816874648
1;80;100;5;39;-1;6,354123877466213
1;80;100;0;40;-1;6,3543006132461635
1;80;100;1;38;-1;6,354720857394578
1;80;100;6;40;-1;6,354795266677158
1;80;100;2;37;-1;6,355974853520405
1;80;100;7;40;-1;6,356117150137945
1;80;100;8;40;-1;6,356499492074219
1;80;100;9;41;-1;6,357145606003709
1;80;100;3;38;-1;6,3571454112197
1;80;100;4;40;-1;6,357667024276251
1;80;100;5;39;-1;6,357959487008453
1;80;100;0;39;-1;6,35819359050004
1;80;100;1;37;-1;6,35868070868991
1;80;100;6;40;-1;6,358740960508505
1;80;100;2;40;-1;6,3597745085762485
1;80;100;7;45;-1;6,36005202774241
1;80;100;8;37;-1;6,360312330996808
1;80;100;9;42;-1;6,360784495396108
1;80;100;3;40;-1;6,360901344766773
1;80;100;4;38;-1;6,361288992662886
1;80;100;5;40;-1;6,361561543969656
1;80;100;0;39;-1;6,361819164256741
1;80;100;1;40;-1;6,362372420814988
1;80;100;6;40;-1;6,362595804696643
1;80;100;2;39;-1;6,363322686219757
1;80;100;7;38;-1;6,363462479341213
1;80;100;8;38;-1;6,363706663593077
1;80;100;9;40;-1;6,364160853188834
1;80;100;3;40;-1;6,364301757466929
1;80;100;4;41;-1;6,364670992007626
1;80;100;5;40;-1;6,364888431669564
1;80;100;0;40;-1;6,365111022698536
1;80;100;1;37;-1;6,36578895519135
1;80;100;6;40;-1;6,366066241341097
1;80;100;2;39;-1;6,367032523844686
1;80;100;7;40;-1;6,367084158685201
1;80;100;8;38;-1;6,367323950082709
1;80;100;9;41;-1;6,368024602210045
1;80;100;3;38;-1;6,368267061898905
1;80;100;4;39;-1;6,368607829912052
1;80;100;5;40;-1;6,368786594217251
1;80;100;0;40;-1;6,369095219683021
1;80;100;1;40;-1;6,369735606759055
1;80;100;6;39;-1;6,3699153419643855
1;80;100;7;40;-1;6,370652207079206
1;80;100;2;41;-1;6,370652207079206
1;80;100;8;41;-1;6,370897715511547
1;80;100;9;41;-1;6,3715286308799
1;80;100;3;39;-1;6,371748124340888
1;80;100;4;40;-1;6,371940105004341
1;80;100;5;37;-1;6,372215985819008
1;80;100;0;41;-1;6,372464743988388
1;80;100;1;42;-1;6,372877320471863
1;80;100;6;41;-1;6,3732455635150735
1;80;100;7;40;-1;6,374002312637942
1;80;100;2;39;-1;6,3741887425805235
1;80;100;8;37;-1;6,374363113417423
1;80;100;9;39;-1;6,375109542767638
1;80;100;3;40;-1;6,375406651312427
1;80;100;4;39;-1;6,375499930415562
1;80;100;5;40;-1;6,3757983418163855
1;80;100;0;40;-1;6,375920690994597
1;80;100;1;37;-1;6,376398088048588
1;80;100;6;41;-1;6,376729212937565
1;80;100;7;38;-1;6,377538829737309
1;80;100;2;37;-1;6,377624476942588
1;80;100;8;40;-1;6,377775109313437
1;80;100;9;38;-1;6,3783756098468
1;80;100;3;39;-1;6,37871649563486
1;80;100;4;37;-1;6,37878760587983
1;80;100;5;40;-1;6,379245287989405
1;80;100;0;40;-1;6,37930701223882
1;80;100;1;40;-1;6,379895630140075
1;80;100;6;40;-1;6,380296922882151
1;80;100;7;40;-1;6,38125200848167
1;80;100;2;37;-1;6,381360199088579
1;80;100;8;38;-1;6,381714423363622
1;80;100;9;40;-1;6,382396272735958
1;80;100;3;39;-1;6,382684142655672
1;80;100;4;40;-1;6,382860956519246
1;80;100;5;40;-1;6,383127642366996
1;80;100;0;40;-1;6,3833971942605086
1;80;100;1;40;-1;6,383965685229911
1;80;100;6;40;-1;6,3844565509413895
1;80;100;7;39;-1;6,385026135516045
1;80;100;2;39;-1;6,385120370484951
1;80;100;8;40;-1;6,385546250239835
1;80;100;9;40;-1;6,386248893799482
1;80;100;3;40;-1;6,3866340328497975
1;80;100;4;39;-1;6,386693660494591
1;80;100;5;37;-1;6,386838917271933
1;80;100;0;40;-1;6,387162926288633
1;80;100;1;39;-1;6,387807092032444
1;80;100;6;40;-1;6,388292767194607
1;80;100;7;39;-1;6,389174112461903
1;80;100;2;40;-1;6,389182322676717
1;80;100;8;41;-1;6,3895010995902135
1;80;100;9;39;-1;6,390018099080736
1;80;100;3;38;-1;6,390342995450806
1;80;100;4;40;-1;6,390371666705565
1;80;100;5;39;-1;6,39071513318043
1;80;100;0;39;-1;6,390832684267156
1;80;100;1;41;-1;6,39144278447272
1;80;100;6;40;-1;6,3921227900722375
1;80;100;7;39;-1;6,392723614775887
1;80;100;2;40;-1;6,392763752434826
1;80;100;8;40;-1;6,39300112329859
1;80;100;9;40;-1;6,393562973653068
1;80;100;3;38;-1;6,393755378353223
1;80;100;4;38;-1;6,393829134670181
1;80;100;5;40;-1;6,394227045377511
1;80;100;0;38;-1;6,394416259154944
1;80;100;1;40;-1;6,394820806767239
1;80;100;6;39;-1;6,395260144070407
1;80;100;7;39;-1;6,396114055563711
1;80;100;2;37;-1;6,396188591347182
1;80;100;8;40;-1;6,396533312923905
1;80;100;9;40;-1;6,397280081524297
1;80;100;3;40;-1;6,397476511117855
1;80;100;4;38;-1;6,397490452635837
1;80;100;5;39;-1;6,397729293344568
1;80;100;0;40;-1;6,397811838575625
1;80;100;1;40;-1;6,398410500798764
1;80;100;6;37;-1;6,398910907081095
1;80;100;7;37;-1;6,399435611618179
1;80;100;2;39;-1;6,399446685845072
1;80;100;8;40;-1;6,39967997833202
1;80;100;9;40;-1;6,400324796651437
1;80;100;3;40;-1;6,400679652173466
1;80;100;4;41;-1;6,400684601030729
1;80;100;0;39;-1;6,401016130069549
1;80;100;5;40;-1;6,401044794539971
1;80;100;1;40;-1;6,401540024711592
1;80;100;6;40;-1;6,402057395874147
1;80;100;7;38;-1;6,402739318516367
1;80;100;2;40;-1;6,40279605698343
1;80;100;8;39;-1;6,403269708874162
1;80;100;9;39;-1;6,404020794968206
1;80;100;3;39;-1;6,4043629793039365
1;80;100;4;37;-1;6,404523488144389
1;80;100;0;40;-1;6,4048359055588024
1;80;100;5;40;-1;6,404975564836823
1;80;100;1;40;-1;6,405568591330047
1;80;100;6;40;-1;6,40612069928293
1;80;100;7;40;-1;6,406752930980893
1;80;100;2;40;-1;6,406987360641925
1;80;100;8;40;-1;6,407422020026401
1;80;100;9;38;-1;6,408030324428811
1;80;100;3;40;-1;6,408440672227817
1;80;100;4;39;-1;6,408508866904158
1;80;100;0;37;-1;6,408848738911149
1;80;100;5;39;-1;6,40908830065757
1;80;100;1;40;-1;6,409379447632077
1;80;100;6;40;-1;6,410136554218171
1;80;100;7;37;-1;6,410465460628102
1;80;100;2;40;-1;6,410559248329678
1;80;100;8;37;-1;6,410941699136467
1;80;100;9;40;-1;6,411707376104546
1;80;100;3;36;-1;6,412076077275655
1;80;100;4;39;-1;6,412213043891909
1;80;100;0;40;-1;6,412502795674587
1;80;100;5;37;-1;6,412723768553942
1;80;100;1;40;-1;6,413080212924213
1;80;100;6;40;-1;6,4136085936158205
1;80;100;7;37;-1;6,414116319511905
1;80;100;2;38;-1;6,414232827622377
1;80;100;8;37;-1;6,414454576892991
1;80;100;9;40;-1;6,415316246183439
1;80;100;3;40;-1;6,415579875125031
1;80;100;4;38;-1;6,415714554554587
1;80;100;0;40;-1;6,416022654032932
1;80;100;5;40;-1;6,416344489328404
1;80;100;1;40;-1;6,416730541017101
1;80;100;6;38;-1;6,417267081391956
1;80;100;7;42;-1;6,417828421140588
1;80;100;2;40;-1;6,4180599269429175
1;80;100;8;38;-1;6,418318316387409
1;80;100;9;43;-1;6,419158756345745
1;80;100;3;38;-1;6,419387586513671
1;80;100;4;40;-1;6,419444302494484
1;80;100;0;37;-1;6,419627793509775
1;80;100;5;39;-1;6,420042665728038
1;80;100;1;40;-1;6,4202760423479175
1;80;100;6;37;-1;6,420847708023921
1;80;100;7;37;-1;6,421350406068274
1;80;100;2;40;-1;6,421553635335693
1;80;100;8;40;-1;6,421965933807536
1;80;100;9;39;-1;6,422765407523385
1;80;100;3;37;-1;6,423045396912991
1;80;100;4;38;-1;6,4231536788034935
1;80;100;0;39;-1;6,423372516808172
1;80;100;5;39;-1;6,423712470914388
1;80;100;1;41;-1;6,424106070452576
1;80;100;6;40;-1;6,424554801939815
1;80;100;7;38;-1;6,424993249089316
1;80;100;2;41;-1;6,425093324731366
1;80;100;8;40;-1;6,425424277362922
1;80;100;9;40;-1;6,426124118987138
1;80;100;3;37;-1;6,426498429743954
1;80;100;4;38;-1;6,426581116281408
1;80;100;0;39;-1;6,426778001851028
1;80;100;5;40;-1;6,427206147808192
1;80;100;1;41;-1;6,427564551414347
1;80;100;6;38;-1;6,428032008789776
1;80;100;7;37;-1;6,428398605944419
1;80;100;2;38;-1;6,42853305032713
1;80;100;8;39;-1;6,428852627328619
1;80;100;9;40;-1;6,429777625071757
1;80;100;3;40;-1;6,43022371659224
1;80;100;4;39;-1;6,430274294969314
1;80;100;5;42;-1;6,430609756198365
1;80;100;6;40;-1;6,431456784585708
1;80;100;7;40;-1;6,432069894658883
1;80;100;8;39;-1;6,4325911371044455
1;80;100;9;39;-1;6,433247501391687
