1;80;100;0;42;1;5,725170452375755
1;80;100;1;40;3;5,726036327522542
1;80;100;2;41;2;5,726756654648467
1;80;100;3;40;2;5,727410044945045
1;80;100;4;39;2;5,728155019266515
1;80;100;5;41;1;5,729002039669027
1;80;100;6;41;1;5,729693808650943
1;80;100;7;41;2;5,730354119385404
1;80;100;8;42;2;5,731074101419521
1;80;100;9;41;2;5,731767871929447
2;80;100;0;42;2;5,732711713460645
2;80;100;0;40;1;5,732736448442214
2;80;100;1;43;0;5,7335035706856186
2;80;100;1;42;1;5,733561518481005
2;80;100;2;40;2;5,734289304503015
2;80;100;2;42;1;5,734306938720734
2;80;100;3;40;2;5,73523035126175
2;80;100;3;41;1;5,73525508238031
2;80;100;4;40;1;5,73630799194236
2;80;100;4;43;1;5,736463816600523
2;80;100;5;40;1;5,737186102671456
2;80;100;5;42;2;5,737257106857084
2;80;100;6;42;1;5,737959415009158
2;80;100;6;41;2;5,738029809190478
2;80;100;7;41;1;5,738767136578247
2;80;100;7;41;1;5,7388833523771305
1;80;100;0;41;1;5,739157739427018
2;80;100;8;43;1;5,739536931026179
2;80;100;8;42;1;5,7395962700969125
1;80;100;1;41;1;5,7400438678578904
2;80;100;9;39;1;5,740479711282052
2;80;100;9;40;2;5,7405190005094875
1;80;100;2;41;2;5,740978421442019
8;80;100;0;42;2;5,741341218097271
8;80;100;0;39;1;5,741364752305179
8;80;100;0;42;1;5,741427069004096
8;80;100;0;41;0;5,741510335964708
8;80;100;0;42;1;5,741650382972988
8;80;100;0;40;1;5,7416714456346885
8;80;100;0;41;1;5,74170814707151
8;80;100;0;41;0;5,741714796439612
1;80;100;3;42;0;5,7421035343158335
8;80;100;1;42;1;5,7422962609319
8;80;100;1;42;1;5,742335263465147
8;80;100;1;42;2;5,742475022844131
8;80;100;1;40;2;5,742544871522653
8;80;100;1;41;1;5,742582851035013
8;80;100;1;43;2;5,742599861399334
8;80;100;1;41;2;5,742634627643358
8;80;100;1;41;1;5,742658732469267
1;80;100;4;42;1;5,743072609833605
8;80;100;2;39;1;5,743299867117955
8;80;100;2;40;2;5,743368227243692
8;80;100;2;42;1;5,743406963839799
8;80;100;2;41;1;5,743457922032543
8;80;100;2;42;2;5,743530700345624
8;80;100;2;39;2;5,743545386608015
8;80;100;2;43;2;5,743660546600337
8;80;100;2;39;1;5,743716197157486
1;80;100;5;40;0;5,7444121252205615
8;80;100;3;42;1;5,744471429191897
8;80;100;3;42;1;5,744472643959976
8;80;100;3;41;1;5,744508336228194
8;80;100;3;42;2;5,74460944231429
8;80;100;3;40;2;5,744633267280403
8;80;100;3;39;1;5,744661204868584
8;80;100;3;40;4;5,744703544508438
8;80;100;3;43;0;5,744804202724617
1;80;100;6;41;1;5,74533697432554
8;80;100;4;43;1;5,7454568092496014
8;80;100;4;40;1;5,745485363497304
8;80;100;4;40;2;5,7455005804494474
8;80;100;4;41;1;5,7455448821645625
8;80;100;4;40;1;5,7455820478709105
8;80;100;4;40;2;5,745634557531562
8;80;100;4;42;5;5,745671053804092
8;80;100;4;42;1;5,745772817254787
1;80;100;7;43;2;5,746320254082985
8;80;100;5;39;2;5,746464881951346
8;80;100;5;41;0;5,746486385958398
8;80;100;5;42;1;5,746524170348234
8;80;100;5;40;1;5,7466114275180225
8;80;100;5;41;2;5,746649078135072
8;80;100;5;41;2;5,746693554424482
8;80;100;5;44;1;5,746761360198639
8;80;100;5;39;2;5,746866815717796
1;80;100;8;42;1;5,7476167584888405
8;80;100;6;42;2;5,747734920116556
8;80;100;6;47;1;5,747763601689747
8;80;100;6;41;1;5,747806065134116
8;80;100;6;43;2;5,74787975445209
8;80;100;6;40;2;5,7479948365612845
8;80;100;6;42;2;5,748065533599007
8;80;100;6;40;2;5,748127445109819
8;80;100;6;41;2;5,74815384908529
8;80;100;7;41;3;5,748794565154795
8;80;100;7;42;2;5,748902993230836
8;80;100;7;39;1;5,749054377338833
8;80;100;7;42;0;5,749147903574257
8;80;100;7;40;2;5,749175594732468
8;80;100;7;41;1;5,749233444724685
8;80;100;7;39;1;5,7493292880550255
8;80;100;7;41;0;5,749350563323719
1;80;100;9;42;1;5,749509386271446
8;80;100;8;40;1;5,749963514351946
8;80;100;8;40;2;5,750070730145027
8;80;100;8;41;1;5,750103461141392
8;80;100;8;41;2;5,7501875295661495
8;80;100;8;41;2;5,750201614788652
8;80;100;8;41;2;5,750271402119011
8;80;100;8;41;2;5,750426556316978
8;80;100;8;42;2;5,750449653129164
2;80;100;0;42;1;5,750493800424578
2;80;100;0;42;2;5,750562121955378
8;80;100;9;41;2;5,751260171480404
8;80;100;9;41;2;5,751378162111388
8;80;100;9;40;2;5,751517647297569
8;80;100;9;40;2;5,751565497925034
8;80;100;9;41;1;5,7516533877643194
8;80;100;9;43;2;5,751713634202034
8;80;100;9;41;2;5,7517576394014185
8;80;100;9;41;2;5,751810125091125
2;80;100;1;41;2;5,752008409269862
2;80;100;1;41;2;5,752057992515841
2;80;100;2;39;2;5,752863381444968
2;80;100;2;41;1;5,752951228746485
2;80;100;3;42;1;5,7539630808750015
2;80;100;3;43;1;5,753985051087414
2;80;100;4;40;2;5,755107052717157
2;80;100;4;41;0;5,755208538430241
2;80;100;5;40;1;5,756065726102547
2;80;100;5;41;2;5,756148755398147
2;80;100;6;42;2;5,756906270245526
2;80;100;6;40;1;5,757055274699547
2;80;100;7;43;6;5,758086371916257
2;80;100;7;41;2;5,758123034974848
1;80;100;0;43;2;5,758460761970058
2;80;100;8;40;1;5,758891598662638
2;80;100;8;39;1;5,758949237979685
1;80;100;1;40;2;5,7593010951226855
2;80;100;9;41;2;5,759588135705381
2;80;100;9;43;1;5,759627676419026
1;80;100;2;39;1;5,760278681420571
8;80;100;0;41;1;5,760504046528327
8;80;100;0;41;2;5,760703991400874
8;80;100;0;42;2;5,760769151373731
8;80;100;0;41;2;5,760795792747527
8;80;100;0;39;1;5,76084407926392
8;80;100;0;40;2;5,760911599049086
8;80;100;0;42;1;5,760916548520355
8;80;100;0;41;1;5,761021657866794
1;80;100;3;42;0;5,76139364746047
8;80;100;1;42;1;5,761689728686576
8;80;100;1;39;1;5,761718075790736
8;80;100;1;42;2;5,761745479639172
8;80;100;1;41;2;5,761981749380478
8;80;100;1;40;1;5,761984957490457
8;80;100;1;41;2;5,762051895138626
8;80;100;1;43;0;5,762080241623449
8;80;100;1;40;1;5,762109957717163
1;80;100;4;40;2;5,762619334557336
8;80;100;2;39;1;5,762661432068692
8;80;100;2;42;2;5,762723815079868
8;80;100;2;40;1;5,7627414189774795
8;80;100;2;39;1;5,762846765585779
8;80;100;2;42;2;5,76284974992923
8;80;100;2;42;2;5,762981796748005
8;80;100;2;42;1;5,762995522033279
8;80;100;2;39;1;5,7631225714472984
1;80;100;5;42;2;5,763966919020524
8;80;100;3;39;2;5,764179580510531
8;80;100;3;40;1;5,764282435284519
8;80;100;3;39;2;5,764292894156352
8;80;100;3;42;1;5,764337721551662
8;80;100;3;43;1;5,764401580050559
8;80;100;3;41;1;5,7644293296831215
8;80;100;3;40;1;5,764476703080116
8;80;100;3;40;2;5,764562565554649
1;80;100;6;42;1;5,765054670875139
8;80;100;4;42;2;5,765114723542292
8;80;100;4;41;1;5,765193563957829
8;80;100;4;41;1;5,765224819484071
8;80;100;4;40;2;5,765244741758653
8;80;100;4;40;2;5,765327081235761
8;80;100;4;39;2;5,765374225918233
8;80;100;4;42;2;5,765431207796615
8;80;100;4;40;1;5,765486038276182
1;80;100;7;42;1;5,765910300616552
8;80;100;5;42;1;5,766039713087817
8;80;100;5;43;0;5,766126519509246
8;80;100;5;39;2;5,766184922323417
8;80;100;5;41;1;5,766271951749301
8;80;100;5;43;1;5,766298213589864
8;80;100;5;42;4;5,766319244107078
8;80;100;5;39;2;5,766330441869098
8;80;100;5;42;4;5,766351472279215
1;80;100;8;42;2;5,767416647020139
8;80;100;6;43;1;5,767469970291065
8;80;100;6;42;1;5,767500918793826
8;80;100;6;43;1;5,767579072430342
8;80;100;6;40;1;5,767630602321258
8;80;100;6;40;2;5,7676637900127705
8;80;100;6;41;1;5,767796155446234
8;80;100;6;39;1;5,76784089948081
8;80;100;6;41;1;5,767916216147574
8;80;100;7;39;1;5,768595771938083
8;80;100;7;42;1;5,76860240836322
8;80;100;7;39;0;5,768709486565163
8;80;100;7;40;2;5,768822305309527
8;80;100;7;42;1;5,768836025286208
8;80;100;7;39;3;5,76887345814001
8;80;100;7;39;1;5,768894485342099
8;80;100;7;40;1;5,768956151125384
1;80;100;9;43;1;5,768959133715494
8;80;100;8;40;1;5,7696188617905095
8;80;100;8;41;1;5,769628926680967
8;80;100;8;41;1;5,769636232841441
8;80;100;8;42;2;5,769673437849733
8;80;100;8;42;2;5,769768800129777
8;80;100;8;42;1;5,769937005732123
8;80;100;8;41;2;5,7700335576753865
8;80;100;8;40;1;5,7700660632819964
2;80;100;0;39;2;5,770115495127834
2;80;100;0;41;2;5,770147329188125
8;80;100;9;40;1;5,770570129172871
8;80;100;9;41;1;5,7707342235821
8;80;100;9;39;2;5,770945658080816
8;80;100;9;41;2;5,771009398990626
8;80;100;9;40;2;5,771029675123799
8;80;100;9;40;1;5,771045700116265
8;80;100;9;40;2;5,771151268663032
8;80;100;9;39;2;5,7712592939505285
2;80;100;1;42;1;5,771597754076424
2;80;100;1;39;1;5,771664254474419
2;80;100;2;40;2;5,7725792271505645
2;80;100;2;42;7;5,772650416583559
2;80;100;3;40;1;5,773473712938206
2;80;100;3;40;1;5,773514556422492
2;80;100;4;42;2;5,774342548122816
2;80;100;4;42;0;5,774348957995153
2;80;100;5;40;1;5,7751434875198635
2;80;100;5;40;1;5,775208465272766
2;80;100;6;40;1;5,776296426994936
2;80;100;6;42;1;5,776357829457461
2;80;100;7;39;1;5,777120954018594
2;80;100;7;42;1;5,777148896657826
1;80;100;0;39;1;5,777654590879489
2;80;100;8;40;1;5,777961305894192
2;80;100;8;39;2;5,7780012180344915
1;80;100;1;40;2;5,778471462938854
2;80;100;9;39;2;5,778728992938092
2;80;100;9;42;2;5,778747008742651
1;80;100;2;40;1;5,779147919278783
8;80;100;0;41;2;5,7795156233637615
8;80;100;0;41;1;5,779546383547466
8;80;100;0;42;1;5,779615274429265
8;80;100;0;40;2;5,779668839720538
8;80;100;0;40;2;5,7798045314778115
8;80;100;0;42;2;5,7798103128595315
8;80;100;0;42;0;5,779860382237014
8;80;100;0;41;2;5,779864819416236
1;80;100;3;41;2;5,7802930122022405
8;80;100;1;39;0;5,780766643624679
8;80;100;1;41;1;5,780827998480685
8;80;100;1;42;1;5,780831201795274
8;80;100;1;40;2;5,780941143807919
8;80;100;1;40;2;5,781004804330986
8;80;100;1;44;2;5,781004804330986
8;80;100;1;39;2;5,781145813787065
8;80;100;1;40;1;5,781145365708475
1;80;100;4;42;1;5,7815453486348405
8;80;100;2;40;2;5,781822737654235
8;80;100;2;41;0;5,781847399468802
8;80;100;2;39;1;5,782102795194801
8;80;100;2;42;1;5,782148981311942
8;80;100;2;42;2;5,782187838980279
8;80;100;2;41;1;5,782307428766869
8;80;100;2;41;2;5,782330178796526
8;80;100;2;42;1;5,782427518246235
1;80;100;5;42;1;5,782899188026471
8;80;100;3;41;2;5,78296135724356
8;80;100;3;42;2;5,782978780952267
8;80;100;3;40;2;5,78305228501559
8;80;100;3;42;1;5,783177825480622
8;80;100;3;42;1;5,783310862999915
8;80;100;3;42;2;5,783365756478132
8;80;100;3;39;1;5,78337607345491
8;80;100;3;39;2;5,783480704978334
1;80;100;6;40;2;5,784015890872734
8;80;100;4;43;1;5,784124839320825
8;80;100;4;41;1;5,784198913528208
8;80;100;4;42;0;5,784223795882844
8;80;100;4;42;1;5,784274844684096
8;80;100;4;41;1;5,784281249482959
8;80;100;4;43;2;5,78438251013919
8;80;100;4;41;1;5,784386160771369
8;80;100;4;40;1;5,7844719213656575
1;80;100;7;42;2;5,785145933918221
8;80;100;5;42;1;5,78533537349775
8;80;100;5;39;1;5,785391218513568
8;80;100;5;39;2;5,785423815696407
8;80;100;5;41;2;5,785468933128647
8;80;100;5;44;2;5,785551226965745
8;80;100;5;39;1;5,78557517773408
8;80;100;5;41;2;5,785645111014807
8;80;100;5;42;2;5,785658846488607
1;80;100;8;39;1;5,7863135769703895
8;80;100;6;41;1;5,78643678830705
8;80;100;6;42;1;5,78649051231066
8;80;100;6;42;1;5,786544144545686
8;80;100;6;40;1;5,786653006084807
8;80;100;6;41;2;5,786671383083394
8;80;100;6;40;2;5,786711240478793
8;80;100;6;41;1;5,786744792265981
8;80;100;6;41;2;5,786815840443796
8;80;100;7;41;2;5,7874098235461116
8;80;100;7;41;1;5,787465308778266
8;80;100;7;42;2;5,7874747774665805
8;80;100;7;42;2;5,787548376014097
8;80;100;7;42;1;5,787606102786542
8;80;100;7;40;1;5,787763873146871
8;80;100;7;41;1;5,787784875845119
8;80;100;7;40;2;5,787925902175983
1;80;100;9;40;2;5,787953594000972
8;80;100;8;40;2;5,788547463113937
8;80;100;8;42;1;5,788563716605956
8;80;100;8;39;1;5,788645194551904
8;80;100;8;39;1;5,788701146422711
8;80;100;8;40;2;5,788764150804152
8;80;100;8;42;2;5,78890999950568
8;80;100;8;40;1;5,788953492403718
8;80;100;8;43;1;5,789153635402441
2;80;100;0;41;1;5,7892111330664475
2;80;100;0;42;1;5,789290896345712
8;80;100;9;41;2;5,7897896059860114
8;80;100;9;39;2;5,7898185366328345
8;80;100;9;39;2;5,789988471947521
8;80;100;9;42;2;5,790000621743474
8;80;100;9;39;2;5,790017135695065
8;80;100;9;41;1;5,7900723454467675
8;80;100;9;42;1;5,79009324235971
8;80;100;9;41;1;5,790158666370867
2;80;100;1;42;1;5,790390878664968
2;80;100;1;41;1;5,790478300726689
2;80;100;2;39;1;5,7913662529828
2;80;100;2;39;1;5,79144379951747
2;80;100;3;40;1;5,792133110171241
2;80;100;3;41;1;5,792246917882146
2;80;100;4;40;1;5,792896501702433
2;80;100;4;39;1;5,792929069921473
2;80;100;5;43;5;5,793999835855579
2;80;100;5;39;1;5,794021512151435
2;80;100;6;42;2;5,794807782884089
2;80;100;6;41;2;5,794833438188572
2;80;100;7;39;1;5,795567563213192
2;80;100;7;41;1;5,795629643531826
1;80;100;0;42;1;5,795903792887638
2;80;100;8;39;1;5,796378760093553
2;80;100;8;39;2;5,796534122172596
1;80;100;1;40;1;5,797050880123232
2;80;100;9;40;1;5,797423043958262
2;80;100;9;40;2;5,797447064002778
1;80;100;2;40;1;5,79822677500731
8;80;100;0;41;1;5,798375602114876
8;80;100;0;42;2;5,798415725748006
8;80;100;0;41;1;5,798515448568319
8;80;100;0;40;1;5,79858913508237
8;80;100;0;44;1;5,798688297196934
8;80;100;0;41;1;5,798732855302689
8;80;100;0;40;2;5,798742896282825
8;80;100;0;41;1;5,798804066412736
1;80;100;3;41;1;5,7991728577901975
8;80;100;1;42;1;5,799497984837627
8;80;100;1;39;1;5,799513079261949
8;80;100;1;40;1;5,799573511229309
8;80;100;1;42;1;5,799647417297044
8;80;100;1;40;1;5,79976009276599
8;80;100;1;44;2;5,799810138228291
8;80;100;1;41;2;5,799810138228291
8;80;100;1;42;1;5,800057153300951
1;80;100;4;42;1;5,800678124239863
8;80;100;2;39;1;5,800907112784594
8;80;100;2;40;1;5,800920569248415
8;80;100;2;41;2;5,80098582716154
8;80;100;2;40;1;5,801105678323949
8;80;100;2;41;2;5,801171213717947
8;80;100;2;41;2;5,801328607118455
8;80;100;2;40;1;5,801346608008101
8;80;100;2;40;2;5,80145926841432
1;80;100;5;40;1;5,80218930961478
8;80;100;3;41;1;5,802314820783928
8;80;100;3;39;1;5,802335514035409
8;80;100;3;39;1;5,802412884182349
8;80;100;3;39;4;5,802469374804231
8;80;100;3;40;2;5,802505052920441
8;80;100;3;40;1;5,802532141161428
8;80;100;3;41;1;5,802695363855846
8;80;100;3;39;1;5,802745839417844
1;80;100;6;40;1;5,803522635210672
8;80;100;4;40;1;5,803628431684179
8;80;100;4;39;1;5,80373654367716
8;80;100;4;39;1;5,803744995049349
8;80;100;4;43;1;5,803815686549623
8;80;100;4;40;1;5,803844446168601
8;80;100;4;39;0;5,803909191634203
8;80;100;4;40;1;5,803986933226209
8;80;100;4;39;2;5,8041275697424295
1;80;100;7;40;1;5,804711544916487
8;80;100;5;42;3;5,804866464633529
8;80;100;5;41;1;5,80487693456022
8;80;100;5;40;2;5,804918723425969
8;80;100;5;41;2;5,804977723818712
8;80;100;5;42;1;5,805002902983444
8;80;100;5;40;2;5,805037275079893
8;80;100;5;39;1;5,805142854510304
8;80;100;5;42;2;5,805196409055486
1;80;100;8;39;2;5,805810254481963
8;80;100;6;40;1;5,805858434175122
8;80;100;6;40;2;5,80589942132788
8;80;100;6;43;2;5,805939633375254
8;80;100;6;42;2;5,805992908115785
8;80;100;6;40;1;5,80615177950994
8;80;100;6;39;1;5,80624116854393
8;80;100;6;41;1;5,8062954411335
8;80;100;6;40;0;5,806360177694201
8;80;100;7;41;1;5,807295705075564
8;80;100;7;42;1;5,807372550659116
8;80;100;7;40;1;5,807440902570131
8;80;100;7;39;2;5,807608875150012
8;80;100;7;41;2;5,807636070677427
8;80;100;7;42;2;5,807749250243506
8;80;100;7;39;1;5,807767178805248
8;80;100;7;42;2;5,807793523728623
1;80;100;9;40;2;5,807846066147526
8;80;100;8;41;1;5,808337879357191
8;80;100;8;42;0;5,808337654523516
8;80;100;8;41;2;5,808425226558475
8;80;100;8;42;1;5,808435490117409
8;80;100;8;42;0;5,808566138685813
8;80;100;8;41;1;5,8086384502359705
8;80;100;8;39;1;5,808815545893617
8;80;100;8;41;0;5,808851105976975
2;80;100;0;40;2;5,808936601631424
2;80;100;0;42;1;5,808964869620687
8;80;100;9;41;3;5,809536818691322
8;80;100;9;40;1;5,809536818691322
8;80;100;9;42;2;5,809711443556347
8;80;100;9;41;1;5,80977117285047
8;80;100;9;39;1;5,809784645401609
8;80;100;9;42;1;5,809838432110123
8;80;100;9;42;2;5,809954836599823
8;80;100;9;41;2;5,809984547400789
2;80;100;1;40;1;5,810210926205825
2;80;100;1;40;2;5,810279791584547
2;80;100;2;43;1;5,8111030120365115
2;80;100;2;41;1;5,811341552646261
2;80;100;3;42;2;5,812017402489126
2;80;100;3;40;1;5,812072267524154
2;80;100;4;39;2;5,812726608822256
2;80;100;4;41;0;5,812784256775276
2;80;100;5;39;2;5,8136617983350485
2;80;100;5;42;1;5,813684119276096
2;80;100;6;40;1;5,814507777635023
2;80;100;6;42;0;5,814557905338608
2;80;100;7;41;1;5,815401935078723
2;80;100;7;44;1;5,815425823645865
1;80;100;0;41;2;5,815719673165425
2;80;100;8;42;2;5,816130089530777
2;80;100;8;41;2;5,816328236383243
1;80;100;1;39;1;5,816848511705229
2;80;100;9;39;2;5,8171348988935065
2;80;100;9;42;1;5,817146003552535
1;80;100;2;39;2;5,817729568605831
8;80;100;0;40;2;5,817928174072096
8;80;100;0;40;1;5,818023415737862
8;80;100;0;41;1;5,818161880787417
8;80;100;0;40;1;5,8181978580854405
8;80;100;0;39;1;5,818235467392738
8;80;100;0;39;1;5,818260962090947
8;80;100;0;42;0;5,818313372819071
8;80;100;0;42;2;5,818326584025124
1;80;100;3;41;1;5,818860624508785
8;80;100;1;42;1;5,819224806765423
8;80;100;1;39;2;5,819256909364272
8;80;100;1;41;1;5,81932159986356
8;80;100;1;41;1;5,819364183431619
8;80;100;1;42;1;5,8195124401000475
8;80;100;1;40;0;5,81955891022494
8;80;100;1;42;1;5,819621288013232
8;80;100;1;40;1;5,819800084987075
1;80;100;4;42;1;5,820123609088241
8;80;100;2;39;2;5,820415824018551
8;80;100;2;41;1;5,820433367059882
8;80;100;2;40;2;5,82056797792352
8;80;100;2;42;1;5,820570946044106
8;80;100;2;39;2;5,820614013215044
8;80;100;2;42;1;5,820617206506412
8;80;100;2;38;0;5,820710834039785
8;80;100;2;41;1;5,820860015813436
1;80;100;5;41;1;5,821370833397167
8;80;100;3;39;2;5,821405892470313
8;80;100;3;43;1;5,82145964409321
8;80;100;3;42;2;5,821516563530463
8;80;100;3;42;0;5,821555740908957
8;80;100;3;38;2;5,821601729298947
8;80;100;3;40;0;5,821648193355767
8;80;100;3;41;2;5,82171491566442
8;80;100;3;42;4;5,821775066051202
1;80;100;6;40;1;5,822523551831515
8;80;100;4;40;0;5,822582530751423
8;80;100;4;42;3;5,822645152392774
8;80;100;4;40;1;5,822659049644519
8;80;100;4;42;2;5,822723737112498
8;80;100;4;39;1;5,8227273803413455
8;80;100;4;39;2;5,822850358464916
8;80;100;4;39;6;5,8228533259048625
8;80;100;4;42;2;5,823007436378868
1;80;100;7;40;2;5,823436915094208
8;80;100;5;40;2;5,823526125973345
8;80;100;5;41;3;5,82356898001473
8;80;100;5;39;2;5,823638577356736
8;80;100;5;39;2;5,823663930406061
8;80;100;5;40;2;5,82372894442517
8;80;100;5;40;0;5,823886983357112
8;80;100;5;39;2;5,823919962360313
8;80;100;5;39;2;5,823956655760643
1;80;100;8;42;4;5,824596550683474
8;80;100;6;39;1;5,824720558669141
8;80;100;6;39;2;5,824773886953495
8;80;100;6;41;1;5,824890344879925
8;80;100;6;39;1;5,824908897496963
8;80;100;6;40;2;5,824945889245974
8;80;100;6;39;1;5,824975257847921
8;80;100;6;42;7;5,825076879766474
8;80;100;6;42;2;5,82514575416228
8;80;100;7;40;1;5,825828729682452
8;80;100;7;41;1;5,82588550807871
8;80;100;7;40;2;5,825932522302999
8;80;100;7;39;1;5,826076345019101
8;80;100;7;42;2;5,826140219043229
8;80;100;7;42;2;5,826244988095046
8;80;100;7;41;2;5,826276340868536
8;80;100;7;40;2;5,82632647149707
1;80;100;9;42;2;5,82635350530033
8;80;100;8;42;1;5,826814905423474
8;80;100;8;41;1;5,826956013686532
8;80;100;8;41;1;5,826998595199838
8;80;100;8;41;1;5,827003132041306
8;80;100;8;39;1;5,827062078451792
8;80;100;8;40;2;5,8272093049699984
8;80;100;8;40;1;5,827294466448107
8;80;100;8;42;2;5,82738908529971
2;80;100;0;41;1;5,827457197769072
2;80;100;0;41;2;5,82750401539138
8;80;100;9;42;2;5,8281433177589035
8;80;100;9;40;2;5,828192421709236
8;80;100;9;42;2;5,828478523953854
8;80;100;9;42;1;5,828529880416454
8;80;100;9;40;2;5,828586611304573
8;80;100;9;43;2;5,828665039662528
8;80;100;9;42;1;5,828731118290976
8;80;100;9;41;1;5,828830010325778
2;80;100;1;42;1;5,828993837269081
2;80;100;1;42;2;5,829105456822599
2;80;100;2;42;2;5,829808022070276
2;80;100;2;40;2;5,829964793727192
2;80;100;3;39;1;5,830392669073854
2;80;100;3;39;1;5,830457317794728
2;80;100;4;41;2;5,83127938875754
2;80;100;4;43;1;5,831304337267426
2;80;100;5;42;1;5,832145132122059
2;80;100;5;43;1;5,83217143026623
2;80;100;6;40;1;5,833184656625633
2;80;100;6;43;1;5,833239564712529
2;80;100;7;39;0;5,833943197437168
2;80;100;7;39;1;5,834026843050325
1;80;100;0;40;0;5,834458209492559
2;80;100;8;42;1;5,834891140627351
2;80;100;8;41;1;5,834994174393608
1;80;100;1;39;2;5,835376178125988
2;80;100;9;40;2;5,835636548658658
2;80;100;9;39;2;5,835645275958493
1;80;100;2;41;1;5,8362154269585185
8;80;100;0;42;2;5,836396630626215
8;80;100;0;42;1;5,83643248004731
8;80;100;0;39;2;5,836641495253104
8;80;100;0;39;1;5,836752320478045
8;80;100;0;39;0;5,836773185054228
8;80;100;0;40;1;5,836834170891184
8;80;100;0;41;2;5,83686279725303
8;80;100;0;41;1;5,836865986409049
1;80;100;3;41;1;5,837503547586487
8;80;100;1;42;1;5,837882867263919
8;80;100;1;42;1;5,837936568982349
8;80;100;1;40;2;5,837983135839955
8;80;100;1;41;1;5,838024562224994
8;80;100;1;40;1;5,838091390180945
8;80;100;1;41;2;5,83811930339152
8;80;100;1;41;1;5,8381420766928604
8;80;100;1;39;1;5,838260543685058
1;80;100;4;41;2;5,838594413171983
8;80;100;2;41;2;5,838744761534675
8;80;100;2;42;1;5,838859524498281
8;80;100;2;42;2;5,838921688622363
8;80;100;2;41;2;5,839009361411421
8;80;100;2;41;2;5,839169777742522
8;80;100;2;43;2;5,839176522512181
8;80;100;2;43;1;5,839265633148255
8;80;100;2;40;1;5,839382028752623
1;80;100;5;41;1;5,839944464794845
8;80;100;3;40;2;5,840039382961612
8;80;100;3;39;2;5,840119317507752
8;80;100;3;42;1;5,840172390432865
8;80;100;3;42;2;5,8402000119756075
8;80;100;3;42;2;5,840231019762342
8;80;100;3;42;1;5,840270689277812
8;80;100;3;42;1;5,840327401194839
8;80;100;3;40;1;5,840586018816748
1;80;100;6;40;2;5,8410706665264795
8;80;100;4;42;2;5,841143847973362
8;80;100;4;40;1;5,841170282730092
8;80;100;4;42;2;5,841226114277913
8;80;100;4;41;1;5,8412891707403505
8;80;100;4;40;2;5,841367968219989
8;80;100;4;41;2;5,841406477061093
8;80;100;4;42;2;5,841418406600203
8;80;100;4;39;2;5,84144303425121
1;80;100;7;39;1;5,842067572769481
8;80;100;5;40;1;5,842273372556744
8;80;100;5;42;2;5,8423374065200235
8;80;100;5;39;2;5,842383841743065
8;80;100;5;40;1;5,842499703442009
8;80;100;5;42;1;5,842568678107062
8;80;100;5;41;2;5,842606305420029
8;80;100;5;41;1;5,842727333516027
8;80;100;5;40;1;5,8427950042254
1;80;100;8;39;2;5,84347501691059
8;80;100;6;41;1;5,843503504015748
8;80;100;6;42;1;5,843611375522766
8;80;100;6;39;2;5,843661496867877
8;80;100;6;42;1;5,843691815728619
8;80;100;6;40;2;5,84375875183617
8;80;100;6;42;1;5,843838964899136
8;80;100;6;39;1;5,843939078708843
8;80;100;6;40;1;5,8439978571042905
8;80;100;7;41;1;5,8445610016720915
8;80;100;7;43;2;5,844611093324215
8;80;100;7;42;1;5,844630290824906
8;80;100;7;42;2;5,844777779315118
8;80;100;7;42;2;5,844793563202292
8;80;100;7;40;1;5,844875701693959
8;80;100;7;42;1;5,844957211339053
8;80;100;7;41;1;5,844992745798399
1;80;100;9;40;1;5,845101057680684
8;80;100;8;39;1;5,84598235015157
8;80;100;8;40;2;5,846006489615483
8;80;100;8;42;2;5,8460302487565885
8;80;100;8;39;1;5,846046206914249
8;80;100;8;41;2;5,846093201253298
8;80;100;8;43;1;5,8462056675796035
8;80;100;8;40;1;5,846221244702798
8;80;100;8;40;2;5,846260841820813
2;80;100;0;41;1;5,84630688345147
2;80;100;0;41;1;5,846318298598551
8;80;100;9;42;2;5,84682966763557
8;80;100;9;42;1;5,846970666544446
8;80;100;9;39;1;5,847078495383705
8;80;100;9;40;0;5,847105795627527
8;80;100;9;41;1;5,847176624092497
8;80;100;9;43;1;5,84728873864004
8;80;100;9;40;1;5,8473461651049625
8;80;100;9;39;1;5,847396199425494
2;80;100;1;42;1;5,847669558218517
2;80;100;1;42;2;5,847680610060632
2;80;100;2;39;1;5,848379028123643
2;80;100;2;41;1;5,848446706316887
2;80;100;3;40;2;5,849244974453157
2;80;100;3;40;2;5,8492884703953765
2;80;100;4;39;1;5,84999986669375
2;80;100;4;42;0;5,850074228311301
2;80;100;5;40;2;5,850727657780509
2;80;100;5;41;2;5,850781176618049
2;80;100;6;42;1;5,851572909267338
2;80;100;6;40;1;5,851607064611112
2;80;100;7;41;2;5,852302074834745
2;80;100;7;42;2;5,852346274816219
1;80;100;0;38;1;5,852773086023924
2;80;100;8;39;1;5,85311076102571
2;80;100;8;42;4;5,853337064852872
1;80;100;1;39;1;5,853819571209741
2;80;100;9;39;2;5,854187672381432
2;80;100;9;42;1;5,854276148970455
1;80;100;2;41;1;5,8547499284831135
8;80;100;0;42;1;5,854947880550403
8;80;100;0;40;2;5,854979780235589
8;80;100;0;40;1;5,855101489654287
8;80;100;0;39;1;5,855136971880907
8;80;100;0;42;1;5,855260679929792
8;80;100;0;42;2;5,855278239136241
8;80;100;0;40;2;5,855312381500421
8;80;100;0;41;1;5,855375166227359
1;80;100;3;41;1;5,85575788919773
8;80;100;1;42;1;5,856080637156284
8;80;100;1;41;1;5,856175068768667
8;80;100;1;39;1;5,856188710689442
8;80;100;1;39;1;5,856372457465155
8;80;100;1;39;2;5,856419819322935
8;80;100;1;41;2;5,856464154860647
8;80;100;1;43;1;5,8564665191387
8;80;100;1;40;2;5,856610032851566
1;80;100;4;39;2;5,857307487967696
8;80;100;2;41;1;5,8575405641011224
8;80;100;2;43;1;5,857605390505738
8;80;100;2;41;2;5,857693829155943
8;80;100;2;42;2;5,857718896456782
8;80;100;2;41;2;5,857737110963187
8;80;100;2;41;1;5,85777830756658
8;80;100;2;41;2;5,857921339239507
8;80;100;2;41;1;5,858017791520572
1;80;100;5;42;2;5,858516168622262
8;80;100;3;43;2;5,858603954035839
8;80;100;3;43;2;5,858652161640239
8;80;100;3;41;1;5,858696537616848
8;80;100;3;41;2;5,8587520172991585
8;80;100;3;41;2;5,858804117792539
8;80;100;3;40;1;5,858917308296269
8;80;100;3;40;1;5,85893920238325
8;80;100;3;40;1;5,859114057041788
1;80;100;6;43;0;5,859914659554564
8;80;100;4;41;2;5,8599679301836485
8;80;100;4;41;0;5,859967703851526
8;80;100;4;41;2;5,86015731621192
8;80;100;4;39;1;5,860178226751007
8;80;100;4;41;2;5,860318276918608
8;80;100;4;40;2;5,860346473657831
8;80;100;4;40;1;5,860404480189641
8;80;100;4;39;2;5,860434275524929
1;80;100;7;42;1;5,860957603428101
8;80;100;5;42;0;5,8611651683829304
8;80;100;5;42;2;5,861290877607451
8;80;100;5;39;2;5,861383836630274
8;80;100;5;40;2;5,861454102743275
8;80;100;5;41;2;5,861470724238462
8;80;100;5;43;1;5,8615716465099
8;80;100;5;40;1;5,8616219082932925
8;80;100;5;42;2;5,861682610574472
1;80;100;8;41;1;5,862507431871534
8;80;100;6;40;1;5,862542881803154
8;80;100;6;41;2;5,862576132512396
8;80;100;6;42;1;5,862589769023139
8;80;100;6;39;2;5,862681401168767
8;80;100;6;40;1;5,862714360128105
8;80;100;6;40;1;5,862785549657989
8;80;100;6;40;1;5,8628683370453185
8;80;100;6;41;1;5,862871746101064
8;80;100;7;41;0;5,863841785590034
8;80;100;7;39;1;5,86385201213993
8;80;100;7;39;1;5,863940237492211
8;80;100;7;40;1;5,86408525534294
8;80;100;7;41;1;5,864160689749425
8;80;100;7;39;2;5,864218472157855
8;80;100;7;39;0;5,864217792785139
8;80;100;7;41;1;5,8642503546555025
1;80;100;9;41;1;5,864253310490804
8;80;100;8;40;0;5,864791925198167
8;80;100;8;42;1;5,864826034342025
8;80;100;8;41;0;5,86490830514117
8;80;100;8;43;1;5,8649199355479205
8;80;100;8;40;2;5,864948858072269
8;80;100;8;43;2;5,865071147137172
8;80;100;8;40;2;5,865142046891634
8;80;100;8;41;1;5,865158228742596
2;80;100;0;39;3;5,865201406982311
2;80;100;0;41;2;5,865228040543802
8;80;100;9;40;1;5,865865991872803
8;80;100;9;40;1;5,866071884349061
8;80;100;9;44;2;5,866110119498683
8;80;100;9;38;2;5,866261259685428
8;80;100;9;42;1;5,866261033170725
8;80;100;9;41;2;5,866341288243709
8;80;100;9;41;1;5,866362190835916
8;80;100;9;42;1;5,86645993922896
2;80;100;1;42;2;5,8667487822630315
2;80;100;1;40;1;5,866826706940843
2;80;100;2;43;1;5,867464013408893
2;80;100;2;40;1;5,8678697715119865
2;80;100;3;39;2;5,868461644578667
2;80;100;3;41;2;5,868496411450417
2;80;100;4;43;1;5,869135498464412
2;80;100;4;41;2;5,869262931674847
2;80;100;5;42;1;5,869937631652067
2;80;100;5;40;1;5,870143453677287
2;80;100;6;43;1;5,871067211934884
2;80;100;6;43;2;5,871122195645882
2;80;100;7;42;1;5,871877150007284
2;80;100;7;41;2;5,871903273019232
1;80;100;0;42;1;5,872556088565074
2;80;100;8;39;1;5,87293818961846
2;80;100;8;43;1;5,873046552834759
1;80;100;1;41;1;5,87337231587758
2;80;100;9;42;3;5,873650148677038
2;80;100;9;41;2;5,8738066452661855
1;80;100;2;39;1;5,8744614588381125
8;80;100;0;39;2;5,874823019712169
8;80;100;0;43;1;5,874847328235435
8;80;100;0;40;2;5,874932281828795
8;80;100;0;42;1;5,8751402850379675
8;80;100;0;41;2;5,875227046228015
8;80;100;0;40;2;5,8752681541265215
8;80;100;0;41;2;5,875296784259965
8;80;100;0;41;0;5,875380350894556
1;80;100;3;45;2;5,875975818464716
8;80;100;1;41;1;5,876183625604772
8;80;100;1;40;2;5,876238144450267
8;80;100;1;40;1;5,876274482096816
8;80;100;1;40;2;5,876325367250796
8;80;100;1;41;2;5,876374879305814
8;80;100;1;41;1;5,87638261054564
8;80;100;1;39;1;5,876419631886212
8;80;100;1;42;2;5,876540897862133
1;80;100;4;40;2;5,87725870424099
8;80;100;2;40;1;5,877421290859811
8;80;100;2;41;1;5,877496230157428
8;80;100;2;39;1;5,877515080700185
8;80;100;2;42;2;5,877544381962865
8;80;100;2;42;1;5,877558238563887
8;80;100;2;43;1;5,877707865990752
8;80;100;2;42;1;5,877783716730261
8;80;100;2;40;1;5,877861381589744
1;80;100;5;41;2;5,8783654832345995
8;80;100;3;42;1;5,878395456269734
8;80;100;3;40;1;5,87844722953246
8;80;100;3;43;1;5,878474933578904
8;80;100;3;43;2;5,878474490010744
8;80;100;3;43;1;5,878511500745052
8;80;100;3;42;2;5,878547608856143
8;80;100;3;42;2;5,878588024909217
8;80;100;3;43;2;5,878663196770762
1;80;100;6;39;1;5,879242631365958
8;80;100;4;40;2;5,879266019696838
8;80;100;4;41;1;5,879397694708892
8;80;100;4;42;1;5,879433798568631
8;80;100;4;40;2;5,87947035222531
8;80;100;4;43;1;5,879534150656215
8;80;100;4;40;1;5,879561170411369
8;80;100;4;40;1;5,879580927354467
8;80;100;4;39;2;5,879638820135898
1;80;100;7;42;1;5,880389372226872
8;80;100;5;40;1;5,880512644145856
8;80;100;5;42;2;5,880649534157224
8;80;100;5;41;1;5,880699475277001
8;80;100;5;42;1;5,8808325056156745
8;80;100;5;41;1;5,88083591070938
8;80;100;5;41;2;5,880995951301079
8;80;100;5;42;2;5,881020922340825
8;80;100;5;41;1;5,881043172552523
1;80;100;8;40;2;5,881782289138012
8;80;100;6;40;2;5,881842215239477
8;80;100;6;41;2;5,881862645790525
8;80;100;6;42;1;5,881973643774358
8;80;100;6;41;1;5,882012687070073
8;80;100;6;43;1;5,882046054489633
8;80;100;6;43;1;5,882167266575703
8;80;100;6;40;2;5,882212437290494
8;80;100;6;42;2;5,882262374173577
8;80;100;7;39;2;5,8831171747683655
8;80;100;7;39;2;5,8831557588545245
8;80;100;7;43;0;5,8833055616950185
8;80;100;7;39;2;5,883431981796145
8;80;100;7;41;1;5,883527535138064
8;80;100;7;40;2;5,883597894214027
8;80;100;7;41;2;5,883617864763908
8;80;100;7;42;1;5,883783779612386
1;80;100;9;42;2;5,883857086004496
8;80;100;8;42;1;5,884719288963739
8;80;100;8;41;1;5,88476944211525
8;80;100;8;40;2;5,884822546785176
8;80;100;8;39;1;5,884845463609173
8;80;100;8;41;1;5,88492579687612
8;80;100;8;41;1;5,884980483265567
8;80;100;8;41;2;5,8850619575954095
8;80;100;8;42;2;5,885139569617743
2;80;100;0;41;2;5,8852246744918775
2;80;100;0;39;2;5,885302285594854
8;80;100;9;41;2;5,8857731603009
8;80;100;9;41;2;5,885971271915517
8;80;100;9;40;1;5,886074061779276
8;80;100;9;40;2;5,8861428106848335
8;80;100;9;38;1;5,886163688787892
8;80;100;9;40;2;5,886253544543097
8;80;100;9;40;0;5,886307102032842
8;80;100;9;41;2;5,886326377199779
2;80;100;1;41;2;5,88654783725567
2;80;100;1;39;1;5,886579607774327
2;80;100;2;40;1;5,887206745555345
2;80;100;2;39;2;5,887295443651097
2;80;100;3;42;1;5,888029867713859
2;80;100;3;43;2;5,888041653464847
2;80;100;4;39;1;5,88885680137328
2;80;100;4;41;2;5,888997002543253
2;80;100;5;42;2;5,889712699444196
2;80;100;5;42;2;5,889766671160696
2;80;100;6;40;2;5,890414261486953
2;80;100;6;41;2;5,8904607617573355
2;80;100;7;42;2;5,891150279379474
2;80;100;7;42;1;5,891190874234084
1;80;100;0;42;1;5,891587795292493
2;80;100;8;43;2;5,891845833388459
2;80;100;8;42;2;5,891885042880674
1;80;100;1;40;2;5,8921487772570815
2;80;100;9;40;2;5,8926391592499066
2;80;100;9;40;3;5,892660910646721
1;80;100;2;39;3;5,8930109719727275
8;80;100;0;40;2;5,893397890182647
8;80;100;0;40;1;5,893407869692043
8;80;100;0;40;1;5,8934715670500735
8;80;100;0;42;2;5,8935175707370515
8;80;100;0;43;1;5,8935277774199495
8;80;100;0;41;2;5,8936175620512286
8;80;100;0;41;0;5,893620282335739
8;80;100;0;40;2;5,893695328211327
1;80;100;3;41;2;5,894026101207609
8;80;100;1;40;3;5,894328618437114
8;80;100;1;40;2;5,894405696755523
8;80;100;1;41;2;5,894461712201004
8;80;100;1;43;3;5,89450045035916
8;80;100;1;40;1;5,89465581231487
8;80;100;1;43;2;5,894685496318512
8;80;100;1;39;3;5,894744457896302
8;80;100;1;42;2;5,894842171702076
1;80;100;4;42;2;5,89538022110279
8;80;100;2;41;2;5,895494684731748
8;80;100;2;41;2;5,895522108897253
8;80;100;2;42;1;5,8955799212749795
8;80;100;2;40;1;5,895609155356367
8;80;100;2;41;1;5,8956222814486186
8;80;100;2;40;1;5,8956837309562475
8;80;100;2;42;1;5,895757396445825
8;80;100;2;41;1;5,895814953569521
1;80;100;5;39;2;5,896332509021928
8;80;100;3;40;1;5,896361958454037
8;80;100;3;41;2;5,896405714373417
8;80;100;3;40;2;5,896442193869065
8;80;100;3;42;2;5,896520883272855
8;80;100;3;40;2;5,896528549350937
8;80;100;3;41;2;5,896572086492554
8;80;100;3;42;2;5,896605154352025
8;80;100;3;40;1;5,896786539915852
1;80;100;6;40;1;5,897407619350231
8;80;100;4;42;2;5,897424161054726
8;80;100;4;42;1;5,897443392084397
8;80;100;4;40;0;5,897509607907897
8;80;100;4;40;1;5,897561041633143
8;80;100;4;39;2;5,897592552432419
8;80;100;4;41;2;5,89760407063095
8;80;100;4;42;1;5,897674369103794
8;80;100;4;39;2;5,897706294167938
1;80;100;7;40;2;5,898181783688721
8;80;100;5;40;2;5,898330881366852
8;80;100;5;39;1;5,89833065393315
8;80;100;5;40;1;5,898453275966085
8;80;100;5;41;1;5,89846687997895
8;80;100;5;43;1;5,898551180076157
8;80;100;5;41;1;5,898579297660917
8;80;100;5;43;1;5,898715975716253
8;80;100;5;42;0;5,8987155208266415
1;80;100;8;41;1;5,899478221252912
8;80;100;6;41;1;5,899504495139648
8;80;100;6;42;0;5,899702455656562
8;80;100;6;41;1;5,899795151330032
8;80;100;6;42;1;5,899817580107904
8;80;100;6;41;2;5,8998383935499925
8;80;100;6;42;1;5,900031084228853
8;80;100;6;40;2;5,900068480049426
8;80;100;6;40;1;5,900077270673799
8;80;100;7;43;1;5,9007140335085815
8;80;100;7;42;1;5,9008330267569296
8;80;100;7;43;1;5,900869964914632
8;80;100;7;42;0;5,901035210353152
8;80;100;7;40;1;5,901050786234236
8;80;100;7;41;1;5,901093639035118
8;80;100;7;42;1;5,901131652420882
8;80;100;7;42;0;5,901131652420882
1;80;100;9;43;1;5,901307980734332
8;80;100;8;41;1;5,902127073074584
8;80;100;8;42;1;5,902185507436795
8;80;100;8;41;2;5,902232655163855
8;80;100;8;40;2;5,902243018123986
8;80;100;8;42;1;5,902422518235091
8;80;100;8;42;2;5,902539877431171
8;80;100;8;38;1;5,902539877431171
8;80;100;8;39;2;5,902617331073764
2;80;100;0;43;0;5,902617331073764
2;80;100;0;41;1;5,9027385431156185
8;80;100;9;43;1;5,903279197336854
8;80;100;9;40;2;5,903406092036101
8;80;100;9;41;2;5,903516427308559
8;80;100;9;40;2;5,903673918651752
8;80;100;9;43;1;5,903739426643813
8;80;100;9;40;2;5,903791506410991
8;80;100;9;41;2;5,903818691159615
8;80;100;9;41;1;5,903823158626461
2;80;100;1;40;1;5,904031799631972
2;80;100;1;43;0;5,904056721910628
2;80;100;2;40;1;5,904839288467074
2;80;100;2;40;2;5,905032932176854
2;80;100;3;40;1;5,905575307523062
2;80;100;3;41;1;5,905609225550448
2;80;100;4;41;2;5,9062104280771415
2;80;100;4;43;2;5,906236468089302
2;80;100;5;43;1;5,907080684666692
2;80;100;5;41;0;5,907134532992886
2;80;100;6;42;2;5,907764018749403
2;80;100;6;43;1;5,90779708005188
2;80;100;7;41;2;5,908588169696411
2;80;100;7;40;1;5,908609210673585
1;80;100;0;41;1;5,90892933543165
2;80;100;8;40;2;5,909370044940136
2;80;100;8;43;1;5,909518177182875
1;80;100;1;40;1;5,9098125072454115
2;80;100;9;41;2;5,9101029751167555
2;80;100;9;39;2;5,910154824967988
1;80;100;2;40;1;5,910501010193501
8;80;100;0;41;1;5,910695243364601
8;80;100;0;42;1;5,9107904109557365
8;80;100;0;43;1;5,910799373352433
8;80;100;0;41;1;5,911001857641263
8;80;100;0;41;1;5,911026327864757
8;80;100;0;43;1;5,9111041813219245
8;80;100;0;42;1;5,911139073461209
8;80;100;0;40;1;5,911162310135862
1;80;100;3;41;1;5,9115358087787655
8;80;100;1;41;2;5,911901382696962
8;80;100;1;40;2;5,911985113910592
8;80;100;1;39;2;5,912060056546749
8;80;100;1;43;1;5,912151265567526
8;80;100;1;40;2;5,91216231187612
8;80;100;1;42;2;5,9121717633611475
8;80;100;1;43;1;5,9121825817543945
8;80;100;1;40;1;5,912246587038016
1;80;100;4;42;2;5,912990951643452
8;80;100;2;40;2;5,9130753170562835
8;80;100;2;41;2;5,913119198207855
8;80;100;2;40;1;5,913139771563958
8;80;100;2;42;2;5,913219927264544
8;80;100;2;41;2;5,913259974581184
8;80;100;2;40;2;5,913303875021376
8;80;100;2;40;1;5,913369011239365
8;80;100;2;40;2;5,9134810493667604
1;80;100;5;40;1;5,913942013683346
8;80;100;3;41;2;5,913963268361456
8;80;100;3;42;1;5,9139851651578565
8;80;100;3;41;2;5,914021376556532
8;80;100;3;40;2;5,914115799270414
8;80;100;3;40;2;5,914171255144952
8;80;100;3;40;1;5,9142604773903775
8;80;100;3;41;1;5,914306403332701
8;80;100;3;43;1;5,914555940346603
1;80;100;6;42;1;5,9151237222775235
8;80;100;4;43;1;5,915180790332656
8;80;100;4;41;1;5,915284485045822
8;80;100;4;39;2;5,915341758909421
8;80;100;4;42;1;5,915355944700006
8;80;100;4;41;2;5,915388754630949
8;80;100;4;40;2;5,915406109408929
8;80;100;4;42;2;5,915439147026988
8;80;100;4;41;2;5,915483244061311
1;80;100;7;43;1;5,916288253429741
8;80;100;5;39;2;5,916442120173015
8;80;100;5;42;2;5,91645655249347
8;80;100;5;40;2;5,916465992250628
8;80;100;5;40;2;5,916546377203459
8;80;100;5;41;2;5,916590241060053
8;80;100;5;41;2;5,916625988179031
8;80;100;5;42;1;5,916686402259424
8;80;100;5;41;2;5,916716472688058
1;80;100;8;42;1;5,917198198212081
8;80;100;6;41;2;5,917232598031898
8;80;100;6;42;2;5,917309763593857
8;80;100;6;41;1;5,917329413766236
8;80;100;6;39;2;5,9174222398447505
8;80;100;6;42;1;5,91744118281712
8;80;100;6;42;2;5,917525777961912
8;80;100;6;43;2;5,917567402845546
8;80;100;6;41;1;5,917613996881456
8;80;100;7;40;2;5,9182714455341365
8;80;100;7;43;2;5,918294009843342
8;80;100;7;43;1;5,918313885175611
8;80;100;7;39;1;5,918408661675917
8;80;100;7;42;0;5,91862883594286
8;80;100;7;41;1;5,918643418773917
8;80;100;7;40;0;5,9186751258022126
1;80;100;9;41;1;5,918736368536525
8;80;100;7;39;1;5,918746557463973
8;80;100;8;41;2;5,919575185299595
8;80;100;8;39;2;5,919596881523815
8;80;100;8;40;2;5,919656822689926
8;80;100;8;39;1;5,919702747496239
8;80;100;8;40;2;5,919780759675337
8;80;100;8;40;2;5,919912676583593
8;80;100;8;42;1;5,920044894256737
8;80;100;8;42;1;5,920098725195048
2;80;100;0;40;2;5,9201280996346926
2;80;100;0;42;2;5,9202215913678415
8;80;100;9;42;2;5,920706430745485
8;80;100;9;41;1;5,920777187568626
8;80;100;9;42;1;5,920838643303875
8;80;100;9;50;1;5,921005672992568
8;80;100;9;40;1;5,921061501220802
8;80;100;9;43;1;5,921126933738538
8;80;100;9;43;1;5,921175285459573
8;80;100;9;42;1;5,921213753965663
2;80;100;1;40;2;5,921449706518109
2;80;100;1;39;2;5,921486272654858
2;80;100;2;43;1;5,922098867684614
2;80;100;2;43;1;5,922314858449914
2;80;100;3;42;2;5,922975755820819
2;80;100;3;42;2;5,92303524863963
2;80;100;4;43;0;5,923563422453327
2;80;100;4;39;2;5,923604486042068
2;80;100;5;43;1;5,9242432896269115
2;80;100;5;43;1;5,924337555382965
2;80;100;6;40;2;5,925016072979917
2;80;100;6;41;2;5,925073416996912
2;80;100;7;41;0;5,925630819810138
2;80;100;7;42;2;5,925695433149342
1;80;100;0;40;1;5,9260150693285
2;80;100;8;39;1;5,926560955543688
2;80;100;8;40;1;5,9266386547632
1;80;100;1;40;2;5,926998883641907
2;80;100;9;40;2;5,927362666082683
2;80;100;9;40;1;5,92743058109369
1;80;100;2;40;2;5,927917325036202
1;80;100;3;42;2;5,9284824118977655
1;80;100;4;41;1;5,929551377511597
1;80;100;5;40;1;5,93049772465035
1;80;100;6;40;1;5,931009321366452
1;80;100;7;41;1;5,931718871709484
1;80;100;8;43;1;5,932395037275258
1;80;100;9;42;1;5,93323382436436
2;80;100;0;40;1;5,933851402351517
2;80;100;0;40;2;5,93387433171117
2;80;100;1;42;1;5,934588588145143
2;80;100;1;40;1;5,934643555182786
2;80;100;2;42;2;5,935645584709827
2;80;100;2;42;3;5,935709075612454
2;80;100;3;41;2;5,936260951778417
2;80;100;3;42;1;5,936292975573975
2;80;100;4;40;1;5,93723539866364
2;80;100;4;39;1;5,93723810511011
2;80;100;5;40;0;5,9379026851830785
2;80;100;5;40;0;5,938049796795297
2;80;100;6;41;0;5,9386266603027575
2;80;100;6;42;1;5,938783252591123
2;80;100;7;41;1;5,9399169209230855
2;80;100;7;40;2;5,940045605175319
1;80;100;0;40;1;5,940357275056657
2;80;100;8;41;3;5,940939702594525
2;80;100;8;41;1;5,941018844345457
1;80;100;1;39;2;5,941343022828904
2;80;100;9;41;1;5,941588471599668
2;80;100;9;39;3;5,941633470367165
1;80;100;2;42;1;5,94214835546346
1;80;100;3;41;1;5,942978411324476
1;80;100;4;40;2;5,9438459166295265
1;80;100;5;43;0;5,944699955460598
1;80;100;6;39;2;5,945254031112108
1;80;100;7;43;1;5,94566587626292
1;80;100;8;42;1;5,9462817443947005
1;80;100;9;42;2;5,947194131058474
2;80;100;0;41;2;5,948180034754089
2;80;100;0;42;2;5,9482192937746685
2;80;100;1;42;1;5,94933566869934
2;80;100;1;42;1;5,949334982062149
2;80;100;2;39;2;5,950333390076488
2;80;100;2;42;1;5,950510179527751
2;80;100;3;43;0;5,951168688645274
2;80;100;3;40;1;5,951193331143454
2;80;100;4;39;2;5,951893839306518
2;80;100;4;40;0;5,9519471898850576
2;80;100;5;43;1;5,952927989525022
2;80;100;5;42;0;5,953015861976887
2;80;100;6;44;2;5,953643177591914
2;80;100;6;41;2;5,953786266965856
2;80;100;7;40;2;5,954542929984872
2;80;100;7;43;1;5,954603507153793
1;80;100;0;42;1;5,955061115015862
2;80;100;8;41;2;5,955570851147921
2;80;100;8;39;1;5,955584403156956
1;80;100;1;41;2;5,95597412943291
2;80;100;9;41;3;5,956337198300994
2;80;100;9;42;2;5,95644651190267
1;80;100;2;41;1;5,957257592281947
1;80;100;3;40;2;5,957640585993122
1;80;100;4;40;0;5,958616590512277
1;80;100;5;40;2;5,959720936403149
1;80;100;6;40;2;5,960469262875583
1;80;100;7;42;1;5,960937534546924
1;80;100;8;43;1;5,961986688815958
1;80;100;9;39;1;5,963226594390119
2;80;100;0;41;2;5,963935715434485
2;80;100;0;41;1;5,963935715434485
2;80;100;1;42;2;5,964667679043952
2;80;100;1;42;1;5,964689560673514
2;80;100;2;39;1;5,965375891100637
2;80;100;2;40;1;5,965584514792437
2;80;100;3;43;1;5,966255577293861
2;80;100;3;42;2;5,966292076517806
2;80;100;4;41;2;5,966834126384514
2;80;100;4;41;2;5,966873843218973
2;80;100;5;41;1;5,967413380104617
2;80;100;5;40;1;5,96771117648558
2;80;100;6;40;0;5,968437647320758
2;80;100;6;41;2;5,968514648066767
2;80;100;7;39;1;5,969518061192971
2;80;100;7;39;2;5,969633607108682
1;80;100;0;39;2;5,970040309079454
2;80;100;8;39;2;5,970423876821708
2;80;100;8;41;1;5,970440799671319
1;80;100;1;42;1;5,970899105856271
2;80;100;9;42;1;5,971207326528362
2;80;100;9;39;1;5,971327790187541
1;80;100;2;42;1;5,971912419289599
1;80;100;3;42;1;5,972601775201054
1;80;100;4;39;2;5,973703405258328
1;80;100;5;41;1;5,974604678886442
1;80;100;6;43;1;5,975175025088678
1;80;100;7;42;2;5,97569694175834
1;80;100;8;42;2;5,976629174244196
1;80;100;9;40;1;5,977350763067036
2;80;100;0;43;1;5,978062127015448
2;80;100;0;41;1;5,978086539532989
2;80;100;1;40;1;5,9789955243563
2;80;100;1;39;2;5,979043320793343
2;80;100;2;42;1;5,979645936299148
2;80;100;2;42;1;5,979732854078079
2;80;100;3;41;2;5,980301205795991
2;80;100;3;42;1;5,980338579206621
2;80;100;4;39;2;5,981076970131478
2;80;100;4;42;1;5,981165765330766
2;80;100;5;39;2;5,981844206737269
2;80;100;5;42;0;5,982034560754238
2;80;100;6;43;1;5,982694167195213
2;80;100;6;42;1;5,982753532514764
2;80;100;7;40;1;5,983630450242138
2;80;100;7;40;4;5,983666465654548
1;80;100;0;43;2;5,9848221246213615
2;80;100;8;41;1;5,986479778151677
2;80;100;8;42;1;5,986891473888104
1;80;100;1;41;1;5,987255465311421
2;80;100;9;41;2;5,987521762971115
2;80;100;9;40;2;5,98772443009575
1;80;100;2;43;0;5,988245861651015
1;80;100;3;40;1;5,988818351681722
1;80;100;4;42;0;5,989593475550405
1;80;100;5;42;1;5,990569304146183
1;80;100;6;40;1;5,9912352369177135
1;80;100;7;42;2;5,991740893231994
1;80;100;8;40;2;5,992321803877993
1;80;100;9;42;1;5,993183760810127
2;80;100;0;42;2;5,993960603374401
2;80;100;0;43;1;5,993991420099654
2;80;100;1;41;1;5,994577748802308
2;80;100;1;39;2;5,994612779149557
2;80;100;2;40;2;5,995318258113708
2;80;100;2;40;1;5,995417042631288
2;80;100;3;41;1;5,995907355755102
2;80;100;3;39;2;5,996039687900898
2;80;100;4;41;1;5,99697560692796
2;80;100;4;42;1;5,997005787771079
2;80;100;5;41;1;5,997815771938793
2;80;100;5;42;2;5,99798510173163
2;80;100;6;40;2;5,9987324323477615
2;80;100;6;43;1;5,998857595931266
2;80;100;7;42;1;5,9997163664904285
2;80;100;7;42;1;5,999835686572905
1;80;100;0;42;1;6,000236868074272
2;80;100;8;40;2;6,000777465090658
2;80;100;8;41;2;6,000792666316349
1;80;100;1;39;2;6,000939919619291
2;80;100;9;40;1;6,001228204825132
2;80;100;9;41;2;6,00136616290721
1;80;100;2;40;2;6,001934023696339
1;80;100;3;42;2;6,002394624083903
1;80;100;4;40;2;6,0034946203643225
1;80;100;5;43;8;6,004374170439114
1;80;100;6;41;2;6,004825501888161
1;80;100;7;43;2;6,005316432434183
1;80;100;8;40;1;6,005979474141258
1;80;100;9;42;1;6,006649663325869
2;80;100;0;42;1;6,00741467751848
2;80;100;0;42;1;6,007447752309371
2;80;100;1;39;0;6,008031272834977
2;80;100;1;41;0;6,008126556646297
2;80;100;2;40;1;6,008824183361639
2;80;100;2;39;1;6,008888150733851
2;80;100;3;42;2;6,0094717614248285
2;80;100;3;42;2;6,009505356749806
2;80;100;4;43;1;6,010251205059749
2;80;100;4;39;1;6,010277751311848
2;80;100;5;40;1;6,01098341437128
2;80;100;5;39;1;6,0111564789041685
2;80;100;6;41;1;6,011742199869867
2;80;100;6;39;1;6,01183361026791
2;80;100;7;39;2;6,012739200522414
2;80;100;7;39;2;6,012761820280176
1;80;100;0;40;1;6,013058008125257
2;80;100;8;39;1;6,013417271400988
2;80;100;8;39;1;6,013429909058085
1;80;100;1;41;2;6,013639262519298
2;80;100;9;41;1;6,01400199322555
2;80;100;9;40;1;6,014192181160377
1;80;100;2;40;2;6,014640023494013
1;80;100;3;42;1;6,015021844916724
1;80;100;4;42;2;6,016117252202263
1;80;100;5;39;2;6,017100935027571
1;80;100;6;42;3;6,017776858185027
1;80;100;7;41;1;6,018547748684649
1;80;100;8;40;2;6,01924265903708
1;80;100;9;42;2;6,020011229645405
2;80;100;0;42;1;6,020862096295915
2;80;100;0;43;0;6,020982257969313
2;80;100;1;40;2;6,021818628099585
2;80;100;1;42;2;6,021942013133299
2;80;100;2;43;1;6,022713579695228
2;80;100;2;43;1;6,0227930137934305
2;80;100;3;40;1;6,02343247469892
2;80;100;3;40;1;6,02343261583216
2;80;100;4;42;1;6,024076333567015
2;80;100;4;39;2;6,024143789447583
2;80;100;5;39;1;6,024911465580702
2;80;100;5;40;1;6,025097738638905
2;80;100;6;42;2;6,025747271990761
2;80;100;6;39;1;6,025884891668119
2;80;100;7;42;1;6,0265626939370645
2;80;100;7;39;2;6,026581583920986
1;80;100;0;43;1;6,027036066710994
2;80;100;8;41;1;6,0275454622209415
2;80;100;8;43;1;6,027559958430621
1;80;100;1;41;1;6,02781169138852
2;80;100;9;43;1;6,028041504002478
2;80;100;9;43;2;6,028199875053361
1;80;100;2;39;1;6,028943637625862
1;80;100;3;42;1;6,029305919870039
1;80;100;4;41;1;6,030335872951855
1;80;100;5;39;2;6,031096064825996
1;80;100;6;42;1;6,031781701887664
1;80;100;7;41;2;6,032254051786117
1;80;100;8;41;0;6,03282145034871
1;80;100;9;40;1;6,033476750067732
2;80;100;0;42;2;6,034286283761641
2;80;100;0;39;1;6,034369817556525
2;80;100;1;42;3;6,035007003041078
2;80;100;1;40;1;6,0350365069816405
2;80;100;2;42;2;6,035832047992333
2;80;100;2;40;1;6,035949931012929
2;80;100;3;40;1;6,036585132159181
2;80;100;3;41;0;6,03661324792999
2;80;100;4;40;2;6,037461662565115
2;80;100;4;40;1;6,037510255614681
2;80;100;5;40;1;6,038212272210396
2;80;100;5;40;2;6,038301770189532
2;80;100;6;40;2;6,038961758118017
2;80;100;6;43;1;6,039055228162844
2;80;100;7;40;1;6,039596895762295
2;80;100;7;43;2;6,039674413020567
1;80;100;0;43;2;6,040016189306673
2;80;100;8;42;1;6,040422169545528
2;80;100;8;40;0;6,040432045000587
1;80;100;1;41;1;6,040575056819817
2;80;100;9;40;0;6,040993027456986
2;80;100;9;40;1;6,041228711962362
1;80;100;2;43;2;6,041806314681761
1;80;100;3;40;1;6,042191346372652
1;80;100;4;41;1;6,043046649413003
1;80;100;5;41;1;6,043588365697964
1;80;100;6;41;1;6,04437541156525
1;80;100;7;42;1;6,044945053058982
1;80;100;8;42;1;6,045652172830379
1;80;100;9;42;1;6,046448445813875
2;80;100;0;42;1;6,047267592613768
2;80;100;0;40;1;6,047436797103155
2;80;100;1;41;0;6,048083170193272
2;80;100;1;43;2;6,048161465924176
2;80;100;2;43;2;6,048886596083746
2;80;100;2;41;2;6,04905020411251
2;80;100;3;42;2;6,049767186122596
2;80;100;3;43;4;6,04981304041837
2;80;100;4;42;1;6,050456995370392
2;80;100;4;41;2;6,050569742463216
2;80;100;5;39;1;6,051159868134357
2;80;100;5;41;1;6,051314286003176
2;80;100;6;40;1;6,051942070379243
2;80;100;6;41;2;6,052090783200079
2;80;100;7;41;2;6,052873134288346
2;80;100;7;42;2;6,052886961090767
1;80;100;0;41;1;6,053308016767756
2;80;100;8;41;2;6,053663258554724
2;80;100;8;40;2;6,0536804402852145
1;80;100;1;42;1;6,053991862301025
2;80;100;9;41;1;6,054216502976507
2;80;100;9;41;2;6,054321002026584
1;80;100;2;39;1;6,054822940566952
1;80;100;3;39;1;6,055208885824456
1;80;100;4;40;1;6,056183683113248
1;80;100;5;42;1;6,056860629027481
1;80;100;6;41;2;6,057663289328722
1;80;100;7;40;2;6,058197074467505
1;80;100;8;41;2;6,059092705069421
1;80;100;9;42;2;6,0597296817389426
2;80;100;0;39;1;6,060655133262838
2;80;100;0;40;1;6,060753625372219
2;80;100;1;40;1;6,061489334342604
2;80;100;1;40;1;6,061543273289948
2;80;100;2;42;1;6,06229540779405
2;80;100;2;40;1;6,062408269857542
2;80;100;3;41;1;6,063169625178521
2;80;100;3;39;1;6,063189922128538
2;80;100;4;41;2;6,063902275511227
2;80;100;4;39;1;6,0640318258626476
2;80;100;5;41;2;6,064748076694962
2;80;100;5;42;1;6,064873197146991
2;80;100;6;42;1;6,06544616271781
2;80;100;6;40;1;6,0655631663716925
2;80;100;7;40;1;6,066408978068656
2;80;100;7;42;2;6,066433545690741
1;80;100;0;39;2;6,067017604827913
2;80;100;8;42;1;6,067233691032854
2;80;100;8;41;1;6,067254075023964
1;80;100;1;40;1;6,067443630141178
2;80;100;9;40;1;6,067698587049534
2;80;100;9;39;1;6,067942521802397
1;80;100;2;42;1;6,0684945582882275
1;80;100;3;40;1;6,0691074609203675
1;80;100;4;39;1;6,069813805183052
1;80;100;5;41;0;6,07077162446107
1;80;100;6;41;2;6,07137114669223
1;80;100;7;41;2;6,071902810250459
1;80;100;8;43;1;6,0725798404110085
1;80;100;9;42;1;6,073323437417978
2;80;100;0;41;1;6,073982652727153
2;80;100;0;42;2;6,074130976148872
2;80;100;1;43;1;6,074827425653292
2;80;100;1;40;1;6,074941431383137
2;80;100;2;39;1;6,075487539489581
2;80;100;2;40;0;6,0755440457958265
2;80;100;3;42;1;6,0763073828715815
2;80;100;3;39;2;6,076372862667692
2;80;100;4;42;1;6,077347136355853
2;80;100;4;41;1;6,077384735455971
2;80;100;5;42;1;6,0781824882347255
2;80;100;5;40;1;6,078324609925421
2;80;100;6;39;2;6,078910507944136
2;80;100;6;40;1;6,079074768769269
2;80;100;7;40;2;6,079645380985824
2;80;100;7;40;2;6,0796939193880775
1;80;100;0;42;1;6,080079877002146
2;80;100;8;40;2;6,080497091554353
2;80;100;8;39;1;6,080560124776121
1;80;100;1;43;1;6,080699606444601
2;80;100;9;42;1;6,080983730392086
2;80;100;9;42;1;6,0811783532550745
1;80;100;2;42;1;6,081844219395217
1;80;100;3;42;2;6,082431262184171
1;80;100;4;44;2;6,083335851036612
1;80;100;5;41;2;6,084537554127984
1;80;100;6;43;2;6,085201889581812
1;80;100;7;41;1;6,08578205259349
1;80;100;8;41;1;6,086413496068926
1;80;100;9;43;1;6,087266744148565
2;80;100;0;41;0;6,088087245210656
2;80;100;0;40;2;6,088149482581912
2;80;100;1;40;1;6,08900217922634
2;80;100;1;40;2;6,08906507366267
2;80;100;2;42;1;6,08977003451176
2;80;100;2;40;2;6,089863509703935
2;80;100;3;43;1;6,090415629190836
2;80;100;3;40;2;6,090520898128434
2;80;100;4;40;1;6,091285635716119
2;80;100;4;42;1;6,091345854067193
2;80;100;5;40;1;6,092056376438382
2;80;100;5;39;1;6,092223687201949
2;80;100;6;40;2;6,092830594097392
2;80;100;6;41;1;6,0929296722730735
2;80;100;7;41;1;6,093531893434675
2;80;100;7;42;1;6,093543744180972
1;80;100;0;41;1;6,0939141324175425
2;80;100;8;40;2;6,094431225141019
2;80;100;8;43;1;6,094491738787423
1;80;100;1;42;2;6,094615950311277
2;80;100;9;39;2;6,094819973327909
2;80;100;9;41;1;6,094969538071973
1;80;100;2;43;0;6,095587472526481
1;80;100;3;41;1;6,096131668720194
1;80;100;4;43;0;6,097009765645155
1;80;100;5;41;2;6,097738460255484
1;80;100;6;40;1;6,098294848621228
1;80;100;7;40;1;6,098725654588082
1;80;100;8;42;1;6,09925816946244
1;80;100;9;39;2;6,099918420279096
2;80;100;0;42;1;6,100676110397827
2;80;100;0;40;1;6,10074703219847
2;80;100;1;39;2;6,101393082767124
2;80;100;1;40;1;6,101424054732172
2;80;100;2;42;0;6,102020621830963
2;80;100;2;40;0;6,10210158666815
2;80;100;3;42;2;6,102828308439839
2;80;100;3;43;1;6,102969700973508
2;80;100;4;42;0;6,103730774933961
2;80;100;4;41;1;6,103845933272591
2;80;100;5;41;1;6,104395636933811
2;80;100;5;41;1;6,104536756291327
2;80;100;6;39;1;6,105165305469537
2;80;100;6;41;1;6,1051977675469855
2;80;100;7;41;1;6,106008670328993
2;80;100;7;42;1;6,106102461698445
1;80;100;0;42;1;6,106466185589097
2;80;100;8;42;1;6,107469383613724
2;80;100;8;39;2;6,107489619954747
1;80;100;1;40;1;6,107792890303964
2;80;100;9;43;1;6,108261697740347
2;80;100;9;42;1;6,108463859934407
1;80;100;2;41;2;6,10886837461665
1;80;100;3;40;1;6,109331563441549
1;80;100;4;40;2;6,109914447576269
1;80;100;5;40;1;6,110318829519018
1;80;100;6;41;1;6,110920000828102
1;80;100;7;39;2;6,11100863889777
1;80;100;8;40;1;6,11163722946018
1;80;100;9;39;2;6,111957630295268
2;80;100;0;42;0;6,11237002167499
2;80;100;0;42;1;6,112415704873837
2;80;100;1;40;2;6,113013277464029
2;80;100;1;41;1;6,113087446820733
2;80;100;2;41;1;6,113438886330243
2;80;100;2;43;1;6,113534566230559
2;80;100;3;40;1;6,113704758826917
2;80;100;3;42;1;6,113768165119861
2;80;100;4;41;1;6,114395439213961
2;80;100;4;42;1;6,114458343206994
2;80;100;5;41;1;6,1146887514047465
2;80;100;5;40;1;6,114912792167511
2;80;100;6;42;1;6,11544465591325
2;80;100;6;41;1;6,115582405214573
2;80;100;7;41;2;6,116033388065655
2;80;100;7;40;1;6,116064720257549
1;80;100;0;40;1;6,116509366289575
2;80;100;8;42;1;6,116995145889284
2;80;100;8;41;1;6,117046584663501
1;80;100;1;41;0;6,11714895324468
2;80;100;9;41;1;6,117524095275887
2;80;100;9;40;1;6,117669071011544
1;80;100;2;41;2;6,117928703498606
1;80;100;3;40;1;6,118331749370647
1;80;100;4;42;2;6,118831722324355
1;80;100;5;40;1;6,119276085257771
1;80;100;6;43;0;6,119961237476126
1;80;100;7;42;2;6,120302000059714
1;80;100;8;43;1;6,121102815598103
1;80;100;9;41;1;6,121383720938224
2;80;100;0;43;1;6,121896181143109
2;80;100;0;43;1;6,122022637609272
2;80;100;1;42;0;6,122642043905792
2;80;100;1;43;2;6,122748391372035
2;80;100;2;41;1;6,123195663312061
2;80;100;2;41;1;6,123224644928986
2;80;100;3;42;2;6,123593294470936
2;80;100;3;42;1;6,123695113950807
2;80;100;4;41;0;6,124331020402196
2;80;100;4;41;2;6,124422629874137
2;80;100;5;39;2;6,124670732994496
2;80;100;5;40;1;6,124980927907088
2;80;100;6;42;2;6,125409092933936
2;80;100;6;41;1;6,125575476779993
2;80;100;7;41;1;6,125904479125796
2;80;100;7;42;1;6,1259515163072855
1;80;100;0;43;1;6,126253319438809
2;80;100;8;42;2;6,126692583834787
2;80;100;8;42;1;6,126703008091626
1;80;100;1;40;1;6,126792160440167
2;80;100;9;39;1;6,127042237995585
2;80;100;9;42;1;6,127206627983278
1;80;100;2;44;1;6,127402793323276
1;80;100;3;40;1;6,127956318657621
1;80;100;4;43;1;6,128618168880589
1;80;100;5;43;2;6,129036727116554
1;80;100;6;40;1;6,129643062113379
1;80;100;7;40;1;6,129893722277295
1;80;100;8;41;2;6,130557463603022
1;80;100;9;42;1;6,130961146951774
2;80;100;0;41;2;6,13123133934494
2;80;100;0;41;2;6,1313442261178395
2;80;100;1;42;2;6,131957119856663
2;80;100;1;39;2;6,132047337389201
2;80;100;2;42;2;6,132436496041243
2;80;100;2;43;1;6,132464574546349
2;80;100;3;40;1;6,132802565209668
2;80;100;3;43;1;6,132918082538651
2;80;100;4;41;1;6,133536882764701
2;80;100;4;39;2;6,133609198897026
2;80;100;5;42;1;6,133733588712872
2;80;100;5;41;2;6,133838797977887
2;80;100;6;41;1;6,134520932965952
2;80;100;6;41;1;6,134645772822909
2;80;100;7;42;1;6,134967031154027
2;80;100;7;39;2;6,135090555496839
1;80;100;0;39;2;6,135747745788466
2;80;100;8;40;2;6,136086362916299
2;80;100;8;42;1;6,136142960642908
1;80;100;1;40;1;6,1363367122554395
2;80;100;9;43;3;6,136732026692392
2;80;100;9;42;1;6,13691678651948
1;80;100;2;41;1;6,137115042288187
1;80;100;3;41;1;6,137621559767169
1;80;100;4;41;1;6,138177716818719
1;80;100;5;60;1;6,138416049292522
1;80;100;6;41;1;6,1390904013333385
1;80;100;7;40;1;6,139137891965261
1;80;100;8;43;1;6,140154720381557
1;80;100;9;42;2;6,140475890390976
2;80;100;0;41;0;6,140771284541443
2;80;100;0;43;1;6,140823515432499
2;80;100;1;43;2;6,141477177734419
2;80;100;1;43;2;6,141574942553666
2;80;100;2;41;2;6,141841897259133
2;80;100;2;42;2;6,14190854313863
2;80;100;3;43;2;6,142101412909476
2;80;100;3;43;2;6,142223060010789
2;80;100;4;42;0;6,142947201271315
2;80;100;4;42;1;6,14297265234539
2;80;100;5;40;1;6,1433398153168675
2;80;100;5;40;2;6,143436821137332
2;80;100;6;43;2;6,1439243996964965
2;80;100;6;43;1;6,144026763859423
2;80;100;7;42;1;6,144537297457606
2;80;100;7;41;2;6,144566595791341
1;80;100;0;40;1;6,144816403710656
2;80;100;8;42;2;6,145150363202369
2;80;100;8;40;1;6,145166236542761
1;80;100;1;40;1;6,1454468347686335
2;80;100;9;40;1;6,145627397553459
2;80;100;9;42;0;6,145990372575596
1;80;100;2;40;1;6,14618899305578
1;80;100;3;40;1;6,146640350798581
1;80;100;4;41;1;6,147165188139921
1;80;100;5;43;1;6,147389448456464
1;80;100;6;41;3;6,14825795614551
1;80;100;7;43;2;6,148432393520784
1;80;100;8;39;1;6,149039423623669
1;80;100;9;39;2;6,14946305432281
2;80;100;0;42;1;6,149986684973176
2;80;100;0;43;1;6,150031695494474
2;80;100;1;41;2;6,150705636974376
2;80;100;1;40;2;6,150771174621152
2;80;100;2;40;1;6,151137309252988
2;80;100;2;41;2;6,1511967993690915
2;80;100;3;43;1;6,151523500228268
2;80;100;3;42;2;6,151715145206858
2;80;100;4;42;1;6,152417544593273
2;80;100;4;42;2;6,152455674004588
2;80;100;5;40;1;6,152835772322636
2;80;100;5;43;1;6,153047050884978
2;80;100;6;42;1;6,153666853309512
2;80;100;6;41;2;6,153706326636923
2;80;100;7;43;0;6,15422334072838
2;80;100;7;39;2;6,154300758354338
1;80;100;0;40;2;6,154759043298306
2;80;100;8;41;2;6,155232144030749
2;80;100;8;41;1;6,15528991152024
1;80;100;1;43;1;6,155502380488571
2;80;100;9;41;1;6,155718063927002
2;80;100;9;41;1;6,155891407460505
1;80;100;2;43;1;6,156038303855438
1;80;100;3;42;1;6,156669095884842
1;80;100;4;41;3;6,157162808872186
1;80;100;5;41;2;6,157466416033852
1;80;100;6;43;1;6,1580289160175505
1;80;100;7;43;1;6,158223580731498
1;80;100;8;42;1;6,158721132001182
1;80;100;9;40;1;6,159163304072119
2;80;100;0;41;2;6,159546978038082
2;80;100;0;42;1;6,159613386929227
2;80;100;1;42;1;6,160017891801253
2;80;100;1;41;1;6,160158644114359
2;80;100;2;40;1;6,160581815110666
2;80;100;2;40;1;6,1606239565613174
2;80;100;3;41;1;6,1609337335048355
2;80;100;3;40;2;6,161022998205754
2;80;100;4;42;1;6,161668438160142
2;80;100;4;41;1;6,161688775123852
2;80;100;5;40;1;6,161907547549111
2;80;100;5;42;2;6,162202628267132
2;80;100;6;42;2;6,162658133203907
2;80;100;6;41;1;6,162730517382453
2;80;100;7;41;1;6,163162102439009
2;80;100;7;41;2;6,16327303807838
1;80;100;0;41;2;6,163595815646736
2;80;100;8;46;2;6,164062555670844
2;80;100;8;42;2;6,164116793101949
1;80;100;1;42;2;6,164226440862423
2;80;100;9;40;1;6,1644733700925
2;80;100;9;40;1;6,164599715752493
1;80;100;2;38;1;6,164855483329736
1;80;100;3;39;0;6,165515548008358
1;80;100;4;41;0;6,165983950183714
1;80;100;5;41;1;6,1664669610990215
1;80;100;6;42;1;6,167199533583647
1;80;100;7;42;2;6,167278488661747
1;80;100;8;42;2;6,168174420623044
1;80;100;9;42;1;6,168563857319843
2;80;100;0;42;1;6,169167819139817
2;80;100;0;42;2;6,169271078192998
2;80;100;1;41;0;6,169720242672793
2;80;100;1;43;1;6,169806846877489
2;80;100;2;43;1;6,169997854418648
2;80;100;2;42;2;6,170000723828826
2;80;100;3;41;2;6,170175440267355
2;80;100;3;41;0;6,170247975946792
2;80;100;4;40;1;6,170910047702204
2;80;100;4;40;2;6,17098624224543
2;80;100;5;41;2;6,171265995648846
2;80;100;5;40;1;6,171446033526695
2;80;100;6;41;2;6,172158684985859
2;80;100;6;42;2;6,172223066816563
2;80;100;7;42;1;6,172554851405344
2;80;100;7;41;1;6,172584244462451
1;80;100;0;41;2;6,172885638798832
2;80;100;8;40;1;6,173315918399685
2;80;100;8;40;1;6,17337032402021
1;80;100;1;41;2;6,173558181817281
2;80;100;9;43;0;6,174095368193432
2;80;100;9;40;2;6,174226504831686
1;80;100;2;42;1;6,17443442464353
1;80;100;3;43;1;6,175201916927261
1;80;100;4;43;0;6,175774296502827
1;80;100;5;39;0;6,17594719492461
1;80;100;6;41;2;6,176812568957618
1;80;100;7;42;2;6,176918622174594
1;80;100;8;43;1;6,177436682937307
1;80;100;9;41;1;6,177746864467171
2;80;100;0;41;2;6,178027937301019
2;80;100;0;41;1;6,1781758679294345
2;80;100;1;41;1;6,178890897547446
2;80;100;1;43;1;6,178994063011047
2;80;100;2;40;2;6,179482895926905
2;80;100;2;43;1;6,179560212660313
2;80;100;3;42;1;6,179849258539183
2;80;100;3;40;2;6,180099684739111
2;80;100;4;42;1;6,180583080514117
2;80;100;4;42;2;6,180610888257168
2;80;100;5;40;1;6,180953174425236
2;80;100;5;41;1;6,181237034090675
2;80;100;6;42;2;6,182254275535021
2;80;100;6;40;1;6,182328904422718
2;80;100;7;43;2;6,182483762900886
2;80;100;7;42;1;6,182550468554511
1;80;100;0;39;1;6,182840314481494
2;80;100;8;41;1;6,183166433841209
2;80;100;8;43;1;6,183222417788805
1;80;100;1;43;1;6,183293874708058
2;80;100;9;41;1;6,1835518659522775
2;80;100;9;42;2;6,183747271441162
1;80;100;2;43;1;6,184049128338105
1;80;100;3;41;1;6,184447187901408
1;80;100;4;41;2;6,18491815541285
1;80;100;5;43;2;6,185188189928948
1;80;100;6;41;2;6,1858280009023945
1;80;100;7;41;1;6,185902293371902
1;80;100;8;41;2;6,186417969385112
1;80;100;9;41;1;6,186837127448543
2;80;100;0;41;2;6,187176412941625
2;80;100;0;42;1;6,1873296922079515
2;80;100;1;43;1;6,187890145478449
2;80;100;1;42;2;6,188044904882409
2;80;100;2;44;1;6,18828467618397
2;80;100;2;43;1;6,18835396419967
2;80;100;3;41;0;6,188478019236354
2;80;100;3;38;2;6,188851284855508
2;80;100;4;40;2;6,189412158989849
2;80;100;4;42;0;6,189439782050491
2;80;100;5;42;1;6,189920395326677
2;80;100;5;39;1;6,190018235008453
2;80;100;6;40;1;6,190749574615258
2;80;100;6;39;2;6,190781309439918
2;80;100;7;42;1;6,191236031732167
2;80;100;7;43;0;6,19135834514584
1;80;100;0;41;1;6,19172292176653
2;80;100;8;40;2;6,192123671971202
2;80;100;8;43;1;6,192197207437714
1;80;100;1;41;1;6,192411497126388
2;80;100;9;41;1;6,192837037392522
2;80;100;9;41;1;6,193025383915573
1;80;100;2;43;2;6,193214371817625
1;80;100;3;39;1;6,193723979925156
1;80;100;4;40;2;6,194327563562157
1;80;100;5;40;1;6,194640963049217
1;80;100;6;40;0;6,195313632085064
1;80;100;7;43;0;6,195453987630843
1;80;100;8;41;2;6,196087480282416
1;80;100;9;39;2;6,196467026363248
2;80;100;0;40;2;6,196803224020278
2;80;100;0;41;1;6,196865542900419
2;80;100;1;39;2;6,197302316959189
2;80;100;1;41;2;6,197513291971655
2;80;100;2;40;1;6,197855287189227
2;80;100;2;40;2;6,197906655118143
2;80;100;3;40;2;6,1980393565395415
2;80;100;3;41;2;6,198200811509443
2;80;100;4;41;2;6,198856699513407
2;80;100;4;40;1;6,198886318069316
2;80;100;5;40;2;6,199222076369891
2;80;100;5;42;2;6,1993968945318745
2;80;100;6;43;1;6,199970043326085
2;80;100;6;42;2;6,199975209929968
2;80;100;7;40;2;6,200353348058261
2;80;100;7;42;2;6,200419208411712
1;80;100;0;41;1;6,200758726576834
2;80;100;8;42;1;6,201282171214371
2;80;100;8;40;2;6,201545639646822
1;80;100;1;40;3;6,201631780509699
2;80;100;9;42;2;6,201875777145118
2;80;100;9;42;2;6,202051591221066
1;80;100;2;40;2;6,2024863720181695
1;80;100;3;40;2;6,202930658900876
1;80;100;4;42;2;6,203248389706645
1;80;100;5;42;2;6,203467517499975
1;80;100;6;42;2;6,2042080452149895
1;80;100;7;41;2;6,204378965104325
1;80;100;8;43;1;6,2050931044103335
1;80;100;9;41;1;6,205517718058508
2;80;100;0;41;1;6,206008790026448
2;80;100;0;40;1;6,206115973601141
2;80;100;1;43;2;6,2067282851512235
2;80;100;1;40;1;6,206849731093182
2;80;100;2;41;1;6,20728039638285
2;80;100;2;39;2;6,207397797786833
2;80;100;3;40;0;6,207584833375841
2;80;100;3;42;2;6,207764915586689
2;80;100;4;42;1;6,208531988071664
2;80;100;4;42;1;6,2085665276929
2;80;100;5;43;1;6,208903191520231
2;80;100;5;43;1;6,208939271631976
2;80;100;6;42;2;6,209537812903429
2;80;100;6;40;1;6,209537104475197
2;80;100;7;41;1;6,209753985403605
2;80;100;7;40;1;6,2097933903390246
1;80;100;0;44;1;6,210033812731104
2;80;100;8;41;2;6,210579301103533
2;80;100;8;39;1;6,210578592598621
1;80;100;1;39;2;6,210806450110248
2;80;100;9;39;1;6,211152136294787
2;80;100;9;43;1;6,211326203407021
1;80;100;2;41;1;6,211622041305002
1;80;100;3;43;1;6,212003503863326
1;80;100;4;41;1;6,212533144067939
1;80;100;5;42;1;6,212860665189199
1;80;100;6;42;1;6,213477724762773
1;80;100;7;42;1;6,213538006098283
1;80;100;8;42;2;6,2143051726311
1;80;100;9;41;1;6,214541610517484
2;80;100;0;40;1;6,215241724290676
2;80;100;0;41;2;6,215272051171095
2;80;100;1;42;2;6,215861035741508
2;80;100;1;41;1;6,216021585598003
2;80;100;2;41;1;6,216267991624187
2;80;100;2;39;1;6,2163237429504425
2;80;100;3;42;1;6,216626631359867
2;80;100;3;39;2;6,216813391395449
2;80;100;4;41;1;6,2174591814076825
2;80;100;4;43;1;6,217504406051755
2;80;100;5;42;1;6,217838936172081
2;80;100;5;39;2;6,21792912589619
2;80;100;6;39;1;6,218470464602169
2;80;100;6;43;1;6,218500460056788
2;80;100;7;40;2;6,218852784243967
2;80;100;7;43;1;6,218932431417904
1;80;100;0;39;1;6,219253263721665
2;80;100;8;40;1;6,219579322143796
2;80;100;8;40;2;6,219611988290134
1;80;100;1;40;1;6,2197589787709715
2;80;100;9;39;1;6,22023893236838
2;80;100;9;43;2;6,22033130116715
1;80;100;2;40;2;6,220556609666142
1;80;100;3;43;2;6,220844849692931
1;80;100;4;44;1;6,221451776349541
1;80;100;5;43;2;6,2218168443744215
1;80;100;6;43;2;6,2225129278268865
1;80;100;7;41;2;6,222681707242081
1;80;100;8;40;2;6,223313150542876
1;80;100;9;39;1;6,223572679568203
2;80;100;0;43;1;6,223917592189542
2;80;100;0;40;1;6,224092314407815
2;80;100;1;42;2;6,224675879955277
2;80;100;1;42;1;6,224769337573171
2;80;100;2;40;0;6,225121923830454
2;80;100;2;42;1;6,2253837973870985
2;80;100;3;41;2;6,225652765803243
2;80;100;3;41;1;6,225923916812573
2;80;100;4;42;1;6,226536442079603
2;80;100;4;42;0;6,226654368547397
2;80;100;5;40;1;6,227093379896543
2;80;100;5;39;2;6,227192760930927
2;80;100;6;42;2;6,227682789337995
2;80;100;6;40;1;6,227727257493707
2;80;100;7;42;2;6,228116835045787
2;80;100;7;39;1;6,228140829766749
1;80;100;0;43;1;6,228773463748199
2;80;100;8;40;1;6,229305799528309
2;80;100;8;41;1;6,229311792121285
1;80;100;1;39;1;6,229500248905533
2;80;100;9;41;2;6,229942279662668
2;80;100;9;41;1;6,230095349313108
1;80;100;2;40;2;6,230295998938001
1;80;100;3;41;1;6,230537619701641
1;80;100;4;39;2;6,231140543919773
1;80;100;5;42;2;6,231392035940499
1;80;100;6;43;2;6,232040803696698
1;80;100;7;38;2;6,23218334849962
1;80;100;8;39;2;6,232662219249612
1;80;100;9;42;2;6,232897795969393
2;80;100;0;42;2;6,233211708640165
2;80;100;0;42;1;6,233325506586832
2;80;100;1;39;2;6,233840214126553
2;80;100;1;41;1;6,233894894666177
2;80;100;2;43;4;6,234183832680956
2;80;100;2;40;2;6,234331116371124
2;80;100;3;40;1;6,234617910336187
2;80;100;3;39;0;6,234730992740161
2;80;100;4;42;1;6,235654735105889
2;80;100;4;40;1;6,235759737618898
2;80;100;5;39;1;6,236263223911126
2;80;100;5;40;2;6,23638056356032
2;80;100;6;42;1;6,23693614828351
2;80;100;6;40;1;6,236932871526526
2;80;100;7;39;1;6,237455344768506
2;80;100;7;41;1;6,237465317642012
1;80;100;0;41;1;6,237918474274592
2;80;100;8;41;2;6,238296128190386
2;80;100;8;42;1;6,238338658996344
1;80;100;1;41;0;6,238522214596845
2;80;100;9;42;1;6,23902946008442
2;80;100;9;42;1;6,239113782988017
1;80;100;2;39;1;6,239294319357876
1;80;100;3;44;2;6,239928755277607
1;80;100;4;40;2;6,240467062842915
1;80;100;5;40;2;6,241090010771356
1;80;100;6;42;2;6,241745799523817
1;80;100;7;42;1;6,241826770541229
1;80;100;8;42;1;6,2424238788024144
1;80;100;9;42;1;6,242748187606997
2;80;100;0;41;1;6,243056831834455
2;80;100;0;38;2;6,2431968827910955
2;80;100;1;39;1;6,243823360029113
2;80;100;1;43;2;6,243929707383181
2;80;100;2;40;2;6,24420459836654
2;80;100;2;39;2;6,244242108126086
2;80;100;3;39;1;6,244503949865999
2;80;100;3;40;1;6,2446840974165525
2;80;100;4;41;1;6,245446682618306
2;80;100;4;41;1;6,2455539632677635
2;80;100;5;38;1;6,24580223841638
2;80;100;5;41;2;6,245857072764372
2;80;100;6;41;2;6,2463654531128885
2;80;100;6;41;2;6,246410309757428
2;80;100;7;40;2;6,246643137417782
2;80;100;7;43;1;6,246700801162412
1;80;100;0;40;2;6,247066038168145
2;80;100;8;42;2;6,247406582097484
2;80;100;8;41;2;6,247460925347095
1;80;100;1;41;2;6,247628219642008
2;80;100;9;41;1;6,248132457759806
2;80;100;9;42;1;6,24820436225325
1;80;100;2;42;2;6,248612479018253
1;80;100;3;39;1;6,248913824743758
1;80;100;4;40;2;6,249468076181588
1;80;100;5;41;1;6,2498306029502455
1;80;100;6;41;1;6,250531663697701
1;80;100;7;43;1;6,250622525461291
1;80;100;8;41;1;6,251476554291648
1;80;100;9;42;2;6,251712104339021
2;80;100;0;42;1;6,252191032363588
2;80;100;0;42;2;6,252438447502557
2;80;100;1;41;1;6,252985163226372
2;80;100;1;41;1;6,253057739457863
2;80;100;2;41;1;6,253424667152811
2;80;100;2;41;2;6,253491081940212
2;80;100;3;40;1;6,253766187561369
2;80;100;3;41;2;6,253871726884505
2;80;100;4;41;2;6,254328722190623
2;80;100;4;41;1;6,254406739483012
2;80;100;5;42;2;6,254750609239306
2;80;100;5;39;1;6,254824593162979
2;80;100;6;42;2;6,255790045616765
2;80;100;6;41;1;6,255896062172399
2;80;100;7;43;1;6,2562761789311505
2;80;100;7;41;2;6,256359403948428
1;80;100;0;41;2;6,256674030656283
2;80;100;8;39;2;6,257027302582533
2;80;100;8;43;2;6,257040560955088
1;80;100;1;42;2;6,257323223267496
2;80;100;9;39;1;6,2577594868994755
2;80;100;9;43;1;6,257958658859565
1;80;100;2;39;1;6,258329472603058
1;80;100;3;42;2;6,258800787008404
1;80;100;4;41;1;6,259310944303207
1;80;100;5;39;1;6,259596346436013
1;80;100;6;42;1;6,2602645668631665
1;80;100;7;40;1;6,260330445241668
1;80;100;8;41;2;6,260926557258148
1;80;100;9;40;2;6,2612567253895115
1;80;100;0;41;1;6,26502875977519
1;80;100;1;40;2;6,26546251251008
1;80;100;2;42;1;6,266083167817775
1;80;100;3;40;2;6,266506988789927
1;80;100;4;43;2;6,267009653346916
1;80;100;5;41;1;6,26732570667187
1;80;100;6;42;1;6,268092963225278
1;80;100;7;39;1;6,268154512871059
1;80;100;8;40;1;6,268839360019492
1;80;100;9;41;1;6,268975647831699
1;80;100;0;39;0;6,272452062954284
1;80;100;1;42;0;6,272914156673335
1;80;100;2;40;1;6,2734499361826535
1;80;100;3;39;1;6,27400452666268
1;80;100;4;41;1;6,274446638333421
1;80;100;5;42;1;6,2746940200407675
1;80;100;6;42;2;6,275248474219247
1;80;100;7;42;2;6,275371093234588
1;80;100;8;41;2;6,2758342083676855
1;80;100;9;43;1;6,276210813918519
1;80;100;0;41;1;6,279809236052246
1;80;100;1;40;1;6,280385882512773
1;80;100;2;40;1;6,281291757405593
1;80;100;3;41;1;6,2816439772655555
1;80;100;4;41;1;6,281909050589818
1;80;100;5;42;1;6,282288906829803
1;80;100;6;43;2;6,28301656232963
1;80;100;7;42;1;6,283096234420634
1;80;100;8;39;1;6,283670255077931
1;80;100;9;41;1;6,2839547325188665
1;80;100;0;40;1;6,2876485065608465
1;80;100;1;42;2;6,288060385823579
1;80;100;2;43;0;6,288792089688473
1;80;100;3;40;2;6,289153800670252
1;80;100;4;42;2;6,289483494725089
1;80;100;5;43;1;6,289850091910563
1;80;100;6;40;1;6,290650926314282
1;80;100;7;41;1;6,290669056862257
1;80;100;8;40;1;6,291360569218121
1;80;100;9;42;2;6,291547218826927
1;80;100;0;41;2;6,295225858537004
1;80;100;1;39;2;6,2955493775025735
1;80;100;2;42;1;6,296105399072513
1;80;100;3;40;1;6,296520144869027
1;80;100;4;40;2;6,296946785675921
1;80;100;5;40;2;6,297311595539864
1;80;100;6;40;2;6,297689351606248
1;80;100;7;40;2;6,297821060134765
1;80;100;8;39;0;6,298322904607955
1;80;100;9;40;1;6,298381869324951
1;80;100;0;41;2;6,300905022786711
1;80;100;1;39;1;6,301131692190934
1;80;100;2;40;0;6,301499222304559
1;80;100;3;41;1;6,3017075525272315
1;80;100;4;38;2;6,301799619386002
1;80;100;5;42;1;6,301915807126142
1;80;100;6;40;2;6,302126159990602
1;80;100;7;42;2;6,3022373637331235
1;80;100;8;42;2;6,3024326079340165
1;80;100;9;41;1;6,302482488370738
1;80;100;0;42;1;6,303981714633984
1;80;100;1;42;1;6,304362296847438
1;80;100;2;42;1;6,304827859920111
1;80;100;3;43;2;6,305169914922987
1;80;100;4;42;1;6,30528088112358
1;80;100;5;40;2;6,305342147829356
1;80;100;6;40;2;6,305576358499553
1;80;100;7;40;2;6,305616338162935
1;80;100;8;38;2;6,305745004814436
1;80;100;9;39;1;6,305758239361751
1;80;100;0;39;2;6,307462111459294
1;80;100;1;41;0;6,307731709076083
1;80;100;2;42;1;6,308290426128284
1;80;100;3;40;2;6,30879725211578
1;80;100;4;41;1;6,308867257717241
1;80;100;5;40;1;6,309014168813921
1;80;100;6;41;1;6,30944107737174
1;80;100;7;43;2;6,309611340730422
1;80;100;8;40;1;6,30981923988294
1;80;100;9;41;2;6,309878193210263
1;80;100;0;41;0;6,311343529518819
1;80;100;1;40;2;6,311659358743615
1;80;100;2;40;1;6,312118195306105
1;80;100;3;41;2;6,312516213952792
1;80;100;4;41;1;6,31260487687747
1;80;100;5;41;1;6,312943231742522
1;80;100;6;40;1;6,313144149285126
1;80;100;7;41;0;6,31319165138679
1;80;100;8;39;2;6,313463748372234
1;80;100;9;41;2;6,313521045530639
1;80;100;0;41;1;6,315272982970307
1;80;100;1;39;2;6,315579773096355
1;80;100;2;41;2;6,315988812669126
1;80;100;3;40;0;6,316379514700108
1;80;100;4;40;2;6,316483720421899
1;80;100;5;40;1;6,316580313292587
1;80;100;6;43;2;6,316880132736155
1;80;100;7;38;1;6,317030659134901
1;80;100;8;40;1;6,317136526406487
1;80;100;9;42;1;6,317191575216079
1;80;100;0;40;1;6,319142444773736
1;80;100;1;41;1;6,3194353842460815
1;80;100;2;39;2;6,319811740788894
1;80;100;3;41;1;6,320028535173131
1;80;100;4;39;1;6,3200842917539894
1;80;100;5;40;0;6,320257183142344
1;80;100;6;42;1;6,320548217625289
1;80;100;7;40;1;6,320673477109345
1;80;100;8;40;2;6,320745175993833
1;80;100;9;42;1;6,320781166111684
1;80;100;0;41;1;6,322306140671228
1;80;100;1;41;2;6,322633990967493
1;80;100;2;40;2;6,322980898381958
1;80;100;3;39;1;6,3233441406061734
1;80;100;4;40;2;6,323488109494881
1;80;100;5;41;2;6,323745078176053
1;80;100;6;41;1;6,324040081164669
1;80;100;7;42;2;6,3242521516051
1;80;100;8;43;2;6,324539264095129
1;80;100;9;41;3;6,324688531483758
1;80;100;0;40;2;6,3265290914711905
1;80;100;1;43;2;6,326951821606358
1;80;100;2;40;2;6,327381724193912
1;80;100;3;41;2;6,327647197505735
1;80;100;4;39;3;6,3276695588207925
1;80;100;5;41;2;6,327788454664669
1;80;100;6;41;1;6,3281204582228465
1;80;100;7;43;1;6,328234510064383
1;80;100;8;42;2;6,328354591496135
1;80;100;9;41;1;6,328390980500152
1;80;100;0;43;1;6,329885932375734
1;80;100;1;40;2;6,330099004059552
1;80;100;2;42;1;6,33043936035211
1;80;100;3;39;1;6,330840352405848
1;80;100;4;41;1;6,330931682205116
1;80;100;5;44;3;6,331147079855729
1;80;100;6;39;1;6,331546044864138
1;80;100;7;41;1;6,331662593846028
1;80;100;8;39;2;6,33187783659725
1;80;100;9;40;1;6,331887505416277
1;80;100;0;40;2;6,333417368089665
1;80;100;1;45;2;6,333714540337257
1;80;100;2;43;2;6,3341894222320665
1;80;100;3;39;1;6,334632585948296
1;80;100;4;39;1;6,33470507907657
1;80;100;5;41;1;6,334943805027973
1;80;100;6;39;1;6,3353973106172194
1;80;100;7;42;2;6,335457769973343
1;80;100;8;41;1;6,335638826693108
1;80;100;9;43;1;6,335700125794534
1;80;100;0;40;1;6,337071960192694
1;80;100;1;40;1;6,337273894955676
1;80;100;2;39;1;6,337503912481693
1;80;100;3;41;1;6,338064403736894
1;80;100;4;42;2;6,338109583599199
1;80;100;5;40;1;6,338365697749193
1;80;100;6;42;2;6,3385692774483315
1;80;100;7;38;1;6,338706993323861
1;80;100;8;42;0;6,338812278816936
1;80;100;9;41;1;6,33883610553673
1;80;100;0;39;2;6,340124687376226
1;80;100;1;41;1;6,340745948765635
1;80;100;2;41;1;6,34108914270603
1;80;100;3;43;1;6,341349058560768
1;80;100;4;43;1;6,341438135468003
1;80;100;5;42;2;6,341740615552277
1;80;100;6;42;2;6,342044599452958
1;80;100;7;42;1;6,342199492860503
1;80;100;8;42;1;6,342333935648053
1;80;100;9;41;1;6,3424192637105
1;80;100;0;41;1;6,343809815908024
1;80;100;1;40;1;6,344167030685771
1;80;100;2;43;1;6,344376884854362
1;80;100;3;40;1;6,344769828303294
1;80;100;4;42;1;6,344873271014248
1;80;100;5;43;1;6,345181607250193
1;80;100;6;43;1;6,345447990993171
1;80;100;7;43;1;6,34564837891713
1;80;100;8;40;1;6,345757692681244
1;80;100;9;39;2;6,345783980916131
1;80;100;0;42;1;6,3470728714301705
1;80;100;1;41;1;6,3475087860902315
1;80;100;2;42;1;6,347886322747376
1;80;100;3;41;1;6,348316449359566
1;80;100;4;42;1;6,3483872878993335
1;80;100;5;40;1;6,3486905446005615
1;80;100;6;41;2;6,348915042607638
1;80;100;7;41;1;6,349285457752712
1;80;100;8;40;0;6,349447211691101
1;80;100;9;41;2;6,349453808393654
1;80;100;0;40;1;6,3511920549317775
1;80;100;1;42;1;6,35164485502017
1;80;100;2;39;2;6,351941367473932
1;80;100;3;41;2;6,352408175943973
1;80;100;4;43;1;6,35245608225596
1;80;100;5;41;2;6,352764626776783
1;80;100;6;42;1;6,353033534846153
1;80;100;7;43;1;6,353166995265726
1;80;100;8;39;2;6,353428055623861
1;80;100;9;42;2;6,3535099577377885
1;80;100;0;43;1;6,355148441047064
1;80;100;1;42;2;6,355548388405491
1;80;100;2;41;2;6,355793238555445
1;80;100;3;40;1;6,356093110117954
1;80;100;4;40;1;6,356150938224805
1;80;100;5;42;1;6,356406911364751
1;80;100;6;41;2;6,356599659215001
1;80;100;7;40;1;6,356785153366911
1;80;100;8;42;1;6,3568835003534145
1;80;100;9;42;1;6,3569691386777984
1;80;100;0;41;1;6,358393794250381
1;80;100;1;41;1;6,358783029024116
1;80;100;2;39;1;6,359009806749362
1;80;100;4;39;2;6,359304926172709
1;80;100;3;40;1;6,359307742212915
1;80;100;5;40;1;6,359739572143013
1;80;100;6;43;1;6,359813133349656
1;80;100;7;39;1;6,36021321926995
1;80;100;8;39;1;6,360435277897075
1;80;100;9;41;1;6,360465356925057
1;80;100;0;43;2;6,362020835489748
1;80;100;1;40;2;6,362323440454007
1;80;100;2;40;1;6,362598845347156
1;80;100;4;42;1;6,3629339389605795
1;80;100;3;44;1;6,3631320158266345
1;80;100;5;41;0;6,363360301261014
1;80;100;6;40;2;6,363665335781081
1;80;100;7;39;2;6,363909364929891
1;80;100;8;43;0;6,364033351287885
1;80;100;9;40;1;6,364052298119717
1;80;100;0;42;2;6,3657017082966405
1;80;100;1;40;1;6,3658876387525485
1;80;100;2;42;2;6,366204374681416
1;80;100;4;40;1;6,366413325054482
1;80;100;3;42;2;6,366522731319326
1;80;100;5;39;2;6,367038370491949
1;80;100;6;43;1;6,3672641706714055
1;80;100;7;39;1;6,36743251681084
1;80;100;8;40;1;6,367536865609084
1;80;100;9;39;2;6,367575875238858
1;80;100;0;42;3;6,369274837977084
1;80;100;1;41;0;6,369527232427343
1;80;100;2;42;1;6,3697543976816435
1;80;100;4;41;1;6,37016873318221
1;80;100;3;43;2;6,370197461758167
1;80;100;5;41;2;6,370435262758684
1;80;100;6;41;2;6,370635602362859
1;80;100;7;40;2;6,370880921012376
1;80;100;8;43;1;6,370948929465756
1;80;100;9;42;1;6,371032976540127
1;80;100;0;41;2;6,372884751565996
1;80;100;1;39;1;6,373395735836499
1;80;100;2;44;1;6,373769777546863
1;80;100;4;42;2;6,3740008543213085
1;80;100;3;42;2;6,374066821547883
1;80;100;5;40;0;6,374338427346213
1;80;100;6;41;2;6,37452689187958
1;80;100;7;40;1;6,3747415304897315
1;80;100;8;42;0;6,374925944440951
1;80;100;9;39;1;6,3749535185035135
1;80;100;0;41;1;6,376320782781246
1;80;100;1;41;5;6,376616184629724
1;80;100;2;42;0;6,377129986411695
1;80;100;4;39;2;6,377653964366643
1;80;100;3;40;1;6,377755232357574
1;80;100;5;41;2;6,378241032851417
1;80;100;6;39;2;6,378357088137179
1;80;100;7;40;1;6,378553989609762
1;80;100;8;39;2;6,378768706157186
1;80;100;9;39;0;6,378803310646945
1;80;100;0;41;1;6,380621929748537
1;80;100;1;40;1;6,380898915703076
1;80;100;2;42;1;6,381214517000336
1;80;100;4;39;1;6,381488517476869
1;80;100;3;39;1;6,381625472625523
1;80;100;5;40;2;6,381791088878657
1;80;100;6;40;2;6,381978616120092
1;80;100;7;42;1;6,382199371831394
1;80;100;9;41;2;6,382316011959922
1;80;100;8;41;3;6,382315530388273
1;80;100;0;43;2;6,3840563483316295
1;80;100;1;41;2;6,384285564469218
1;80;100;2;39;2;6,384726179885915
1;80;100;4;39;3;6,384985958201129
1;80;100;3;41;1;6,385208096721757
1;80;100;5;43;1;6,385263544960807
1;80;100;6;41;1;6,385640089840347
1;80;100;7;42;2;6,386110112243167
1;80;100;9;42;2;6,3864458028449205
1;80;100;8;42;1;6,386519944460518
1;80;100;0;42;2;6,38801505744305
1;80;100;1;39;1;6,388447276096971
1;80;100;2;38;1;6,388785839407051
1;80;100;4;42;1;6,3890304279954
1;80;100;3;42;1;6,389269657613642
1;80;100;5;42;0;6,389360622669481
1;80;100;6;40;2;6,3897879252981955
1;80;100;7;40;2;6,3902098180075235
1;80;100;9;39;2;6,390306233570601
1;80;100;8;40;2;6,390453122186195
1;80;100;0;39;2;6,392230891454688
1;80;100;1;41;2;6,392624618418845
1;80;100;2;43;1;6,392933219620785
1;80;100;4;40;1;6,393353598066025
1;80;100;3;40;1;6,393512761617226
1;80;100;5;42;1;6,393680978226768
1;80;100;6;41;1;6,393856096513699
1;80;100;7;41;0;6,3940316066923835
1;80;100;9;39;1;6,39410560346331
1;80;100;8;42;2;6,394158903895534
1;80;100;0;39;1;6,396041282364866
1;80;100;1;40;2;6,396412476520955
1;80;100;2;41;2;6,396621430226869
1;80;100;4;43;1;6,396847413458621
1;80;100;3;42;0;6,396965374096832
1;80;100;5;42;4;6,397131050782549
1;80;100;6;41;2;6,397283598491535
1;80;100;7;41;1;6,397546543790269
1;80;100;9;43;2;6,397604973642849
1;80;100;8;39;2;6,397816021916691
1;80;100;0;41;2;6,3993858514903765
1;80;100;1;42;1;6,399687201530336
1;80;100;2;40;1;6,400066587882566
1;80;100;4;42;3;6,400389540709805
1;80;100;3;43;1;6,400515140740902
1;80;100;5;43;1;6,4008616643862
1;80;100;6;42;3;6,400959577749602
1;80;100;7;39;2;6,401260824134484
1;80;100;9;42;2;6,401307956105985
1;80;100;8;41;1;6,401419104000429
1;80;100;0;41;2;6,403128671901272
1;80;100;1;40;2;6,403649865998326
1;80;100;2;39;2;6,403998555242216
1;80;100;4;42;1;6,404213017840687
1;80;100;3;42;2;6,404333827234496
1;80;100;5;39;2;6,404543789182269
1;80;100;6;41;2;6,40472682689847
1;80;100;7;41;1;6,4048529932535505
1;80;100;9;43;1;6,404909690179772
1;80;100;8;42;1;6,4050706685401355
1;80;100;0;40;1;6,406375163819985
1;80;100;1;42;1;6,406811707356339
1;80;100;2;42;1;6,407210342558199
1;80;100;4;41;1;6,4073995663159
1;80;100;3;41;2;6,407615845724739
1;80;100;5;42;2;6,407670359694511
1;80;100;6;40;2;6,407888607886099
1;80;100;7;43;4;6,408286768925227
1;80;100;9;42;1;6,408377645187952
1;80;100;8;41;2;6,40847229463519
1;80;100;0;41;1;6,410506736040782
1;80;100;1;39;2;6,410858881369162
1;80;100;2;42;2;6,411140685894848
1;80;100;4;39;2;6,411375051853951
1;80;100;3;40;2;6,411562941907232
1;80;100;5;39;1;6,4117971590994935
1;80;100;6;42;2;6,412046968144293
1;80;100;7;41;1;6,412312365534033
1;80;100;9;40;1;6,412312123943181
1;80;100;8;41;1;6,412521163941327
1;80;100;0;43;1;6,4146388122478895
1;80;100;1;43;0;6,414943679940858
1;80;100;2;42;1;6,415418455901659
1;80;100;4;41;2;6,415548809085659
1;80;100;3;43;1;6,415982425648379
1;80;100;5;41;1;6,416034122091139
1;80;100;6;43;1;6,416287267793198
1;80;100;7;43;1;6,416568349583904
1;80;100;9;39;1;6,416577958438404
1;80;100;8;39;2;6,416619658622719
1;80;100;0;43;3;6,418126426937307
1;80;100;1;40;1;6,418576417844202
1;80;100;2;40;1;6,4187449222991715
1;80;100;4;42;1;6,418962996576447
1;80;100;3;42;2;6,419195761868607
1;80;100;5;40;1;6,419298954155752
1;80;100;6;39;2;6,41936970969766
1;80;100;7;43;1;6,419944264985075
1;80;100;9;40;0;6,420024602866186
1;80;100;8;42;1;6,420060581148466
1;80;100;0;41;1;6,421637744034707
1;80;100;1;40;1;6,422206401298178
1;80;100;2;42;1;6,422622160710219
1;80;100;4;40;1;6,422838291469356
1;80;100;3;42;1;6,422986250969634
1;80;100;5;42;1;6,423080423761043
1;80;100;6;39;2;6,423223027994723
1;80;100;7;41;1;6,423630664988546
1;80;100;9;41;0;6,423630664988546
1;80;100;8;41;3;6,4237768245902895
